信号,信号类型,开仓时间,平仓时间,开仓价,平仓价,方向,名义资金（U）,投入(允许杠杆),实际涨跌幅,收益（U）,平仓后资金（U）,平仓类型
毕宿,星宿,2018-01-08 00:00:00+08:00,2018-01-08 17:10:00+08:00,16439.64,15265.0,多,1000.0,1300.0,-7.15%,-95.48,904.52,止损平仓
参宿,星宿,2018-01-10 00:00:00+08:00,2018-01-10 23:55:00+08:00,14655.01,14399.95,多,1000.0,800.0,-1.74%,-15.58,984.42,正常平仓
闭,建星,2018-01-10 00:00:00+08:00,2018-01-10 23:55:00+08:00,14655.01,14399.95,多,1000.0,1000.0,-1.74%,-19.48,980.52,正常平仓
轸宿,星宿,2018-01-17 00:00:00+00:00,2018-01-17 23:55:00+00:00,10899.99,10988.79,多,1000.0,1500.0,0.81%,9.05,1009.05,正常平仓
氐宿,星宿,2018-01-20 00:00:00+08:00,2018-01-20 23:55:00+08:00,11383.16,12539.05,多,1009.05,807.24,10.15%,80.15,1089.21,正常平仓
闭,建星,2018-01-22 00:00:00+08:00,2018-01-22 23:55:00+08:00,11420.99,10330.0,多,1089.21,1089.21,-9.55%,-106.18,983.03,正常平仓
尾宿,星宿,2018-01-23 00:00:00+00:00,2018-01-23 16:55:00+00:00,10760.05,11334.96,多,1089.21,871.37,5.34%,44.66,1133.86,止盈平仓
闭,建星,2018-02-03 00:00:00+08:00,2018-02-03 23:55:00+08:00,9070.0,9173.0,多,1133.86,1133.86,1.14%,10.48,1144.34,正常平仓
毕宿,星宿,2018-02-05 00:00:00+08:00,2018-02-05 16:10:00+08:00,8419.96,7827.23,多,1144.34,1487.64,-7.04%,-107.69,1036.65,止损平仓
参宿,星宿,2018-02-07 00:00:00+08:00,2018-02-07 21:20:00+08:00,7299.99,8442.97,多,1144.34,915.47,15.66%,141.2,1285.54,止盈平仓
轸宿,星宿,2018-02-14 00:00:00+00:00,2018-02-14 23:10:00+00:00,8535.17,9464.6,多,1285.54,1928.32,10.89%,205.62,1491.16,止盈平仓
闭,建星,2018-02-16 00:00:00+08:00,2018-02-16 23:55:00+08:00,9811.01,10039.98,多,1491.16,1491.16,2.33%,31.62,1522.78,正常平仓
氐宿,星宿,2018-02-17 00:00:00+08:00,2018-02-17 23:55:00+08:00,10035.05,10731.48,多,1522.78,1218.23,6.94%,81.86,1604.64,正常平仓
尾宿,星宿,2018-02-20 00:00:00+00:00,2018-02-20 22:20:00+00:00,11147.11,11774.01,多,1604.64,1283.71,5.62%,69.39,1674.04,止盈平仓
闭,建星,2018-02-28 00:00:00+08:00,2018-02-28 23:55:00+08:00,10570.0,10506.85,多,1674.04,1674.04,-0.60%,-13.5,1660.53,正常平仓
毕宿,星宿,2018-03-05 00:00:00+08:00,2018-03-05 23:55:00+08:00,11150.0,11515.61,多,1674.04,2176.25,3.28%,66.68,1740.72,正常平仓
参宿,星宿,2018-03-07 00:00:00+08:00,2018-03-07 23:55:00+08:00,10974.08,10679.56,多,1740.72,1392.58,-2.68%,-40.24,1700.48,正常平仓
闭,建星,2018-03-13 00:00:00+08:00,2018-03-13 23:55:00+08:00,9174.22,9051.0,多,1740.72,1740.72,-1.34%,-27.0,1713.72,正常平仓
轸宿,星宿,2018-03-14 00:00:00+00:00,2018-03-14 23:55:00+00:00,9151.92,8170.0,多,1740.72,2611.08,-10.73%,-285.21,1455.51,正常平仓
氐宿,星宿,2018-03-17 00:00:00+08:00,2018-03-17 23:05:00+08:00,8539.0,7892.92,多,1740.72,1392.58,-7.57%,-108.13,1632.59,止损平仓
尾宿,星宿,2018-03-20 00:00:00+00:00,2018-03-20 23:55:00+00:00,8595.01,8909.98,多,1740.72,1392.58,3.66%,48.03,1788.75,正常平仓
闭,建星,2018-03-25 00:00:00+08:00,2018-03-25 23:55:00+08:00,8950.0,8480.0,多,1788.75,1788.75,-5.25%,-97.55,1691.2,正常平仓
毕宿,星宿,2018-04-02 00:00:00+08:00,2018-04-02 23:55:00+08:00,6445.0,7020.72,多,1788.75,2325.38,8.93%,202.53,1991.28,正常平仓
参宿,星宿,2018-04-04 00:00:00+08:00,2018-04-04 23:55:00+08:00,7370.01,6785.0,多,1991.28,1593.03,-7.94%,-129.6,1861.68,正常平仓
闭,建星,2018-04-07 00:00:00+08:00,2018-04-07 23:55:00+08:00,6583.0,7010.0,多,1991.28,1991.28,6.49%,124.79,2116.07,正常平仓
轸宿,星宿,2018-04-11 00:00:00+00:00,2018-04-11 23:55:00+00:00,6839.56,6953.79,多,2116.07,3174.11,1.67%,46.27,2162.34,正常平仓
氐宿,星宿,2018-04-14 00:00:00+08:00,2018-04-14 23:55:00+08:00,8125.41,7955.01,多,2162.34,1729.87,-2.10%,-39.85,2122.49,正常平仓
尾宿,星宿,2018-04-17 00:00:00+00:00,2018-04-17 23:55:00+00:00,8064.92,7885.02,多,2162.34,1729.87,-2.23%,-42.16,2120.18,正常平仓
闭,建星,2018-04-19 00:00:00+08:00,2018-04-19 23:55:00+08:00,7994.0,8239.02,多,2162.34,2162.34,3.07%,61.64,2223.98,正常平仓
毕宿,星宿,2018-04-30 00:00:00+08:00,2018-04-30 23:55:00+08:00,9331.52,9318.06,多,2223.98,2891.17,-0.14%,-10.23,2213.75,正常平仓
闭,建星,2018-05-01 00:00:00+08:00,2018-05-01 23:55:00+08:00,9318.41,8915.09,多,2223.98,2223.98,-4.33%,-100.78,2123.2,正常平仓
参宿,星宿,2018-05-02 00:00:00+08:00,2018-05-02 23:55:00+08:00,8915.08,9155.0,多,2223.98,1779.18,2.69%,44.07,2268.05,正常平仓
轸宿,星宿,2018-05-09 00:00:00+00:00,2018-05-09 23:55:00+00:00,9178.0,9310.0,多,2268.05,3402.08,1.44%,41.72,2309.77,正常平仓
氐宿,星宿,2018-05-12 00:00:00+08:00,2018-05-12 23:55:00+08:00,8575.21,8313.13,多,2309.77,1847.82,-3.06%,-60.27,2249.5,正常平仓
闭,建星,2018-05-14 00:00:00+08:00,2018-05-14 23:55:00+08:00,8625.5,8789.12,多,2309.77,2309.77,1.90%,38.9,2348.67,正常平仓
尾宿,星宿,2018-05-15 00:00:00+00:00,2018-05-15 23:55:00+00:00,8663.37,8462.0,多,2348.67,1878.94,-2.32%,-47.55,2301.12,正常平仓
闭,建星,2018-05-26 00:00:00+08:00,2018-05-26 23:55:00+08:00,7500.02,7542.77,多,2348.67,2348.67,0.57%,8.44,2357.11,正常平仓
毕宿,星宿,2018-05-28 00:00:00+08:00,2018-05-28 23:55:00+08:00,7342.0,7220.12,多,2357.11,3064.24,-1.66%,-57.22,2299.88,正常平仓
参宿,星宿,2018-05-30 00:00:00+08:00,2018-05-30 23:55:00+08:00,7430.53,7324.81,多,2357.11,1885.69,-1.42%,-30.75,2326.36,正常平仓
轸宿,星宿,2018-06-06 00:00:00+00:00,2018-06-06 23:55:00+00:00,7626.64,7658.84,多,2357.11,3535.66,0.42%,7.48,2364.59,正常平仓
闭,建星,2018-06-08 00:00:00+08:00,2018-06-08 23:55:00+08:00,7690.38,7627.51,多,2364.59,2364.59,-0.82%,-24.27,2340.33,正常平仓
氐宿,星宿,2018-06-09 00:00:00+08:00,2018-06-09 23:55:00+08:00,7633.57,7610.0,多,2364.59,1891.67,-0.31%,-9.8,2354.79,正常平仓
尾宿,星宿,2018-06-12 00:00:00+00:00,2018-06-12 23:55:00+00:00,6872.0,6530.0,多,2364.59,1891.67,-4.98%,-97.97,2266.62,正常平仓
闭,建星,2018-06-20 00:00:00+08:00,2018-06-20 23:55:00+08:00,6739.04,6750.62,多,2364.59,2364.59,0.17%,-0.91,2363.69,正常平仓
毕宿,星宿,2018-06-25 00:00:00+08:00,2018-06-25 23:55:00+08:00,5769.86,6290.0,多,2364.59,3073.97,9.01%,270.24,2634.84,正常平仓
参宿,星宿,2018-06-27 00:00:00+08:00,2018-06-27 23:55:00+08:00,6188.01,6110.09,多,2634.84,2107.87,-1.26%,-30.93,2603.91,正常平仓
闭,建星,2018-07-02 00:00:00+08:00,2018-07-02 23:55:00+08:00,6316.14,6630.08,多,2634.84,2634.84,4.97%,125.24,2760.07,正常平仓
轸宿,星宿,2018-07-04 00:00:00+00:00,2018-07-04 23:55:00+00:00,6511.01,6586.98,多,2760.07,4140.11,1.17%,39.54,2799.62,正常平仓
氐宿,星宿,2018-07-07 00:00:00+08:00,2018-07-07 23:55:00+08:00,6564.66,6558.03,多,2799.62,2239.69,-0.10%,-6.96,2792.66,正常平仓
尾宿,星宿,2018-07-10 00:00:00+00:00,2018-07-10 23:55:00+00:00,6662.78,6296.91,多,2799.62,2239.69,-5.49%,-127.5,2672.11,正常平仓
闭,建星,2018-07-15 00:00:00+08:00,2018-07-15 23:55:00+08:00,6242.26,6385.46,多,2799.62,2799.62,2.29%,58.25,2857.87,正常平仓
毕宿,星宿,2018-07-23 00:00:00+08:00,2018-07-23 23:55:00+08:00,7527.99,7733.74,多,2857.87,3715.23,2.73%,93.59,2951.46,正常平仓
参宿,星宿,2018-07-25 00:00:00+08:00,2018-07-25 23:55:00+08:00,8182.4,8114.96,多,2951.46,2361.17,-0.82%,-24.39,2927.07,正常平仓
闭,建星,2018-07-27 00:00:00+08:00,2018-07-27 23:55:00+08:00,8208.29,8152.56,多,2951.46,2951.46,-0.68%,-26.2,2925.25,正常平仓
轸宿,星宿,2018-08-01 00:00:00+00:00,2018-08-01 23:55:00+00:00,7735.67,7604.58,多,2951.46,4427.19,-1.69%,-84.2,2867.25,正常平仓
氐宿,星宿,2018-08-04 00:00:00+08:00,2018-08-04 23:55:00+08:00,7478.87,6981.44,多,2951.46,2361.17,-6.65%,-161.77,2789.69,正常平仓
尾宿,星宿,2018-08-07 00:00:00+00:00,2018-08-07 23:55:00+00:00,6935.0,6720.06,多,2951.46,2361.17,-3.10%,-78.03,2873.43,正常平仓
闭,建星,2018-08-09 00:00:00+08:00,2018-08-09 23:55:00+08:00,6473.78,6446.0,多,2951.46,2951.46,-0.43%,-18.84,2932.62,正常平仓
毕宿,星宿,2018-08-20 00:00:00+08:00,2018-08-20 23:55:00+08:00,6409.46,6426.37,多,2951.46,3836.9,0.26%,2.05,2953.51,正常平仓
闭,建星,2018-08-21 00:00:00+08:00,2018-08-21 23:55:00+08:00,6427.44,6416.75,多,2953.51,2953.51,-0.17%,-11.1,2942.41,正常平仓
参宿,星宿,2018-08-22 00:00:00+08:00,2018-08-22 23:55:00+08:00,6416.75,6459.36,多,2953.51,2362.81,0.66%,10.71,2964.22,正常平仓
轸宿,星宿,2018-08-29 00:00:00+00:00,2018-08-29 23:55:00+00:00,7077.0,7031.22,多,2964.22,4446.33,-0.65%,-38.05,2926.17,正常平仓
氐宿,星宿,2018-09-01 00:00:00+08:00,2018-09-01 23:55:00+08:00,6959.52,7166.53,多,2964.22,2371.38,2.97%,65.45,3029.67,正常平仓
闭,建星,2018-09-02 00:00:00+08:00,2018-09-02 23:55:00+08:00,7167.02,7214.24,多,3029.67,3029.67,0.66%,13.57,3043.24,正常平仓
尾宿,星宿,2018-09-04 00:00:00+00:00,2018-09-04 23:55:00+00:00,7263.0,7359.06,多,3043.24,2434.6,1.32%,27.04,3070.29,正常平仓
闭,建星,2018-09-15 00:00:00+08:00,2018-09-15 23:55:00+08:00,6479.99,6542.22,多,3070.29,3070.29,0.96%,23.0,3093.28,正常平仓
毕宿,星宿,2018-09-17 00:00:00+08:00,2018-09-17 23:55:00+08:00,6482.0,6265.06,多,3093.28,4021.27,-3.35%,-142.82,2950.46,正常平仓
参宿,星宿,2018-09-19 00:00:00+08:00,2018-09-19 23:55:00+08:00,6360.01,6327.95,多,3093.28,2474.63,-0.50%,-17.65,3075.63,正常平仓
轸宿,星宿,2018-09-26 00:00:00+00:00,2018-09-26 23:55:00+00:00,6445.11,6465.12,多,3093.28,4639.92,0.31%,4.64,3097.93,正常平仓
闭,建星,2018-09-27 00:00:00+08:00,2018-09-27 23:55:00+08:00,6542.55,6498.97,多,3097.93,3097.93,-0.67%,-27.11,3070.82,正常平仓
氐宿,星宿,2018-09-29 00:00:00+08:00,2018-09-29 23:55:00+08:00,6673.0,6589.01,多,3097.93,2478.34,-1.26%,-36.35,3061.58,正常平仓
尾宿,星宿,2018-10-02 00:00:00+00:00,2018-10-02 23:55:00+00:00,6610.0,6525.79,多,3097.93,2478.34,-1.27%,-36.73,3061.2,正常平仓
闭,建星,2018-10-10 00:00:00+08:00,2018-10-10 23:55:00+08:00,6643.78,6588.99,多,3097.93,3097.93,-0.82%,-32.01,3065.91,正常平仓
毕宿,星宿,2018-10-15 00:00:00+08:00,2018-10-15 14:45:00+08:00,6380.76,7599.99,多,3097.93,4027.3,19.11%,759.93,3857.85,止盈平仓
参宿,星宿,2018-10-17 00:00:00+08:00,2018-10-17 23:55:00+08:00,6719.76,6748.02,多,3857.85,3086.28,0.42%,6.48,3864.34,正常平仓
闭,建星,2018-10-22 00:00:00+08:00,2018-10-22 23:55:00+08:00,6645.0,6563.49,多,3864.34,3864.34,-1.23%,-55.44,3808.89,正常平仓
轸宿,星宿,2018-10-24 00:00:00+00:00,2018-10-24 23:55:00+00:00,6553.51,6565.5,多,3864.34,5796.5,0.18%,-1.58,3862.76,正常平仓
氐宿,星宿,2018-10-27 00:00:00+08:00,2018-10-27 23:55:00+08:00,6544.49,6494.93,多,3864.34,3091.47,-0.76%,-29.86,3834.47,正常平仓
尾宿,星宿,2018-10-30 00:00:00+00:00,2018-10-30 23:55:00+00:00,6344.5,6330.87,多,3864.34,3091.47,-0.21%,-13.12,3851.22,正常平仓
闭,建星,2018-11-03 00:00:00+08:00,2018-11-03 23:55:00+08:00,6424.8,6374.0,多,3864.34,3864.34,-0.79%,-38.62,3825.72,正常平仓
毕宿,星宿,2018-11-12 00:00:00+08:00,2018-11-12 23:55:00+08:00,6380.01,6452.12,多,3864.34,5023.64,1.13%,46.15,3910.49,正常平仓
参宿,星宿,2018-11-14 00:00:00+08:00,2018-11-14 23:55:00+08:00,6460.97,6232.83,多,3910.49,3128.39,-3.53%,-116.87,3793.62,正常平仓
闭,建星,2018-11-16 00:00:00+08:00,2018-11-16 23:55:00+08:00,5675.13,5645.62,多,3910.49,3910.49,-0.52%,-28.51,3881.97,正常平仓
轸宿,星宿,2018-11-21 00:00:00+00:00,2018-11-21 23:55:00+00:00,4559.91,4661.07,多,3910.49,5865.73,2.22%,117.62,4028.11,正常平仓
氐宿,星宿,2018-11-24 00:00:00+08:00,2018-11-24 23:55:00+08:00,4406.89,4372.02,多,4028.11,3222.49,-0.79%,-32.22,3995.88,正常平仓
尾宿,星宿,2018-11-27 00:00:00+00:00,2018-11-27 23:55:00+00:00,3864.45,3875.21,多,4028.11,3222.49,0.28%,2.2,4030.3,正常平仓
闭,建星,2018-11-28 00:00:00+08:00,2018-11-28 12:45:00+08:00,3779.06,4079.18,多,4030.3,4030.3,7.94%,311.13,4341.44,止盈平仓
毕宿,星宿,2018-12-10 00:00:00+08:00,2018-12-10 23:55:00+08:00,3580.0,3428.0,多,4341.44,5643.87,-4.25%,-251.12,4090.32,正常平仓
闭,建星,2018-12-11 00:00:00+08:00,2018-12-11 23:55:00+08:00,3428.79,3353.01,多,4341.44,4341.44,-2.21%,-104.92,4236.52,正常平仓
参宿,星宿,2018-12-12 00:00:00+08:00,2018-12-12 23:55:00+08:00,3351.03,3460.3,多,4341.44,3473.15,3.26%,105.79,4447.23,正常平仓
轸宿,星宿,2018-12-19 00:00:00+00:00,2018-12-19 23:55:00+00:00,3653.0,3662.22,多,4447.23,6670.84,0.25%,2.81,4450.04,正常平仓
氐宿,星宿,2018-12-22 00:00:00+08:00,2018-12-22 23:55:00+08:00,3944.93,3830.1,多,4450.04,3560.03,-2.91%,-110.94,4339.09,正常平仓
闭,建星,2018-12-23 00:00:00+08:00,2018-12-23 23:55:00+08:00,3830.05,3907.51,多,4450.04,4450.04,2.02%,80.52,4530.56,正常平仓
尾宿,星宿,2018-12-25 00:00:00+00:00,2018-12-25 23:55:00+00:00,4010.11,3745.79,多,4530.56,3624.45,-6.59%,-246.15,4284.41,正常平仓
闭,建星,2019-01-04 00:00:00+08:00,2019-01-04 23:55:00+08:00,3807.37,3725.28,多,4530.56,4530.56,-2.16%,-107.05,4423.52,正常平仓
毕宿,星宿,2019-01-07 00:00:00+08:00,2019-01-07 23:55:00+08:00,3806.91,3969.91,多,4530.56,5889.73,4.28%,239.44,4770.0,正常平仓
参宿,星宿,2019-01-09 00:00:00+08:00,2019-01-09 23:55:00+08:00,4002.04,3958.28,多,4770.0,3816.0,-1.09%,-49.67,4720.33,正常平仓
轸宿,星宿,2019-01-16 00:00:00+00:00,2019-01-16 23:55:00+00:00,3553.06,3591.84,多,4770.0,7155.0,1.09%,62.96,4832.96,正常平仓
闭,建星,2019-01-17 00:00:00+08:00,2019-01-17 23:55:00+08:00,3591.16,3597.62,多,4832.96,4832.96,0.18%,-1.46,4831.49,正常平仓
氐宿,星宿,2019-01-19 00:00:00+08:00,2019-01-19 23:55:00+08:00,3611.09,3685.74,多,4832.96,3866.37,2.07%,71.69,4904.65,正常平仓
尾宿,星宿,2019-01-22 00:00:00+00:00,2019-01-22 23:55:00+00:00,3526.88,3570.93,多,4904.65,3923.72,1.25%,40.7,4945.35,正常平仓
闭,建星,2019-01-29 00:00:00+08:00,2019-01-29 23:55:00+08:00,3420.5,3426.62,多,4945.35,4945.35,0.18%,-1.55,4943.8,正常平仓
毕宿,星宿,2019-02-04 00:00:00+08:00,2019-02-04 23:55:00+08:00,3462.8,3459.65,多,4945.35,6428.95,-0.09%,-19.33,4926.01,正常平仓
参宿,星宿,2019-02-06 00:00:00+08:00,2019-02-06 23:55:00+08:00,3461.18,3422.02,多,4945.35,3956.28,-1.13%,-53.0,4892.35,正常平仓
闭,建星,2019-02-11 00:00:00+08:00,2019-02-11 23:55:00+08:00,3628.73,3643.0,多,4945.35,4945.35,0.39%,9.04,4954.39,正常平仓
轸宿,星宿,2019-02-13 00:00:00+00:00,2019-02-13 23:55:00+00:00,3631.51,3609.4,多,4954.39,7431.58,-0.61%,-60.78,4893.61,正常平仓
氐宿,星宿,2019-02-16 00:00:00+08:00,2019-02-16 23:55:00+08:00,3586.5,3634.41,多,4954.39,3963.51,1.34%,44.55,4998.93,正常平仓
尾宿,星宿,2019-02-19 00:00:00+00:00,2019-02-19 23:55:00+00:00,3897.35,3907.79,多,4998.93,3999.15,0.27%,2.3,5001.24,正常平仓
闭,建星,2019-02-23 00:00:00+08:00,2019-02-23 23:55:00+08:00,3954.63,3941.99,多,5001.24,5001.24,-0.32%,-26.46,4974.78,正常平仓
毕宿,星宿,2019-03-04 00:00:00+08:00,2019-03-04 23:55:00+08:00,3795.62,3713.1,多,5001.24,6501.61,-2.17%,-154.79,4846.45,正常平仓
参宿,星宿,2019-03-06 00:00:00+08:00,2019-03-06 23:55:00+08:00,3835.0,3862.6,多,5001.24,4000.99,0.72%,20.35,5021.59,正常平仓
闭,建星,2019-03-08 00:00:00+08:00,2019-03-08 23:55:00+08:00,3876.54,3908.37,多,5021.59,5021.59,0.82%,30.63,5052.22,正常平仓
轸宿,星宿,2019-03-13 00:00:00+00:00,2019-03-13 23:55:00+00:00,3882.69,3866.0,多,5052.22,7578.33,-0.43%,-48.43,5003.78,正常平仓
氐宿,星宿,2019-03-16 00:00:00+08:00,2019-03-16 23:55:00+08:00,3929.36,3989.83,多,5052.22,4041.77,1.54%,53.62,5105.84,正常平仓
尾宿,星宿,2019-03-19 00:00:00+00:00,2019-03-19 23:55:00+00:00,3987.83,4015.53,多,5105.84,4084.67,0.69%,19.76,5125.6,正常平仓
闭,建星,2019-03-20 00:00:00+08:00,2019-03-20 23:55:00+08:00,3997.93,4015.82,多,5125.6,5125.6,0.45%,12.14,5137.74,正常平仓
毕宿,星宿,2019-04-01 00:00:00+08:00,2019-04-01 23:55:00+08:00,4097.0,4145.07,多,5137.74,6679.06,1.17%,64.23,5201.97,正常平仓
闭,建星,2019-04-01 00:00:00+08:00,2019-04-01 23:55:00+08:00,4097.0,4145.07,多,5201.97,5201.97,1.17%,50.02,5251.99,正常平仓
参宿,星宿,2019-04-03 00:00:00+08:00,2019-04-03 23:55:00+08:00,4733.85,4960.19,多,5251.99,4201.59,4.78%,191.77,5443.76,正常平仓
轸宿,星宿,2019-04-10 00:00:00+00:00,2019-04-10 23:55:00+00:00,5150.0,5308.25,多,5443.76,8165.65,3.07%,233.4,5677.16,正常平仓
氐宿,星宿,2019-04-13 00:00:00+08:00,2019-04-13 23:55:00+08:00,5037.45,5051.65,多,5677.16,4541.73,0.28%,3.25,5680.41,正常平仓
闭,建星,2019-04-14 00:00:00+08:00,2019-04-14 23:55:00+08:00,5051.71,5062.34,多,5680.41,5680.41,0.21%,0.01,5680.43,正常平仓
尾宿,星宿,2019-04-16 00:00:00+00:00,2019-04-16 23:55:00+00:00,5024.95,5173.72,多,5680.43,4544.34,2.96%,124.8,5805.23,正常平仓
闭,建星,2019-04-26 00:00:00+08:00,2019-04-26 23:55:00+08:00,5432.0,5285.07,多,5805.23,5805.23,-2.70%,-168.98,5636.25,正常平仓
毕宿,星宿,2019-04-29 00:00:00+08:00,2019-04-29 23:55:00+08:00,5333.68,5231.96,多,5805.23,7546.79,-1.91%,-159.55,5645.68,正常平仓
参宿,星宿,2019-05-01 00:00:00+08:00,2019-05-01 23:55:00+08:00,5313.0,5355.35,多,5805.23,4644.18,0.80%,27.22,5832.44,正常平仓
轸宿,星宿,2019-05-08 00:00:00+00:00,2019-05-08 23:55:00+00:00,5846.34,5987.29,多,5832.44,8748.66,2.41%,192.24,6024.68,正常平仓
闭,建星,2019-05-09 00:00:00+08:00,2019-05-09 23:55:00+08:00,5953.07,6058.91,多,6024.68,6024.68,1.78%,94.31,6118.99,正常平仓
氐宿,星宿,2019-05-11 00:00:00+08:00,2019-05-11 23:55:00+08:00,6353.82,6905.57,多,6118.99,4895.19,8.68%,414.17,6533.17,正常平仓
尾宿,星宿,2019-05-14 00:00:00+00:00,2019-05-14 07:50:00+00:00,7795.62,8258.74,多,6533.17,5226.53,5.94%,299.06,6832.23,止盈平仓
闭,建星,2019-05-21 00:00:00+08:00,2019-05-21 23:55:00+08:00,7833.71,7890.49,多,6832.23,6832.23,0.72%,35.11,6867.33,正常平仓
毕宿,星宿,2019-05-27 00:00:00+08:00,2019-05-27 23:55:00+08:00,7983.18,8799.0,多,6867.33,8927.53,10.22%,892.22,7759.55,正常平仓
参宿,星宿,2019-05-29 00:00:00+08:00,2019-05-29 23:55:00+08:00,8684.78,8681.21,多,7759.55,6207.64,-0.04%,-15.58,7743.97,正常平仓
闭,建星,2019-06-02 00:00:00+08:00,2019-06-02 23:55:00+08:00,8530.21,8678.22,多,7759.55,7759.55,1.74%,118.15,7877.7,正常平仓
轸宿,星宿,2019-06-05 00:00:00+00:00,2019-06-05 23:55:00+00:00,7687.04,7776.5,多,7877.7,11816.55,1.16%,112.51,7990.21,正常平仓
氐宿,星宿,2019-06-08 00:00:00+08:00,2019-06-08 23:55:00+08:00,7928.0,7919.43,多,7990.21,6392.17,-0.11%,-20.32,7969.89,正常平仓
尾宿,星宿,2019-06-11 00:00:00+00:00,2019-06-11 23:55:00+00:00,7981.0,7884.9,多,7990.21,6392.17,-1.20%,-90.27,7899.94,正常平仓
闭,建星,2019-06-15 00:00:00+08:00,2019-06-15 23:55:00+08:00,8385.93,8750.71,多,7990.21,7990.21,4.35%,330.27,8320.48,正常平仓
毕宿,星宿,2019-06-24 00:00:00+08:00,2019-06-24 23:55:00+08:00,10812.32,10936.87,多,8320.48,10816.63,1.15%,101.71,8422.19,正常平仓
参宿,星宿,2019-06-26 00:00:00+08:00,2019-06-26 23:55:00+08:00,11385.05,12889.05,多,8422.19,6737.75,13.21%,874.6,9296.79,正常平仓
闭,建星,2019-06-27 00:00:00+08:00,2019-06-27 02:50:00+08:00,12889.05,13903.18,多,9296.79,9296.79,7.87%,710.88,10007.67,止盈平仓
轸宿,星宿,2019-07-03 00:00:00+00:00,2019-07-03 23:55:00+00:00,10844.98,11940.0,多,10007.67,15011.5,10.10%,1481.93,11489.6,正常平仓
氐宿,星宿,2019-07-06 00:00:00+08:00,2019-07-06 23:55:00+08:00,11235.28,11574.32,多,11489.6,9191.68,3.02%,257.66,11747.27,正常平仓
尾宿,星宿,2019-07-09 00:00:00+00:00,2019-07-09 23:55:00+00:00,12238.6,12543.41,多,11747.27,9397.81,2.49%,213.98,11961.25,正常平仓
闭,建星,2019-07-10 00:00:00+08:00,2019-07-10 23:55:00+08:00,12338.62,12367.91,多,11961.25,11961.25,0.24%,3.24,11964.49,正常平仓
毕宿,星宿,2019-07-22 00:00:00+08:00,2019-07-22 23:55:00+08:00,10443.54,10238.43,多,11964.49,15553.84,-1.96%,-337.67,11626.83,正常平仓
闭,建星,2019-07-22 00:00:00+08:00,2019-07-22 23:55:00+08:00,10443.54,10238.43,多,11964.49,11964.49,-1.96%,-259.74,11704.75,正常平仓
参宿,星宿,2019-07-24 00:00:00+08:00,2019-07-24 23:55:00+08:00,9930.59,9911.66,多,11964.49,9571.59,-0.19%,-38.31,11926.18,正常平仓
轸宿,星宿,2019-07-31 00:00:00+00:00,2019-07-31 23:55:00+00:00,9575.0,10080.53,多,11964.49,17946.74,5.28%,908.44,12872.93,正常平仓
氐宿,星宿,2019-08-03 00:00:00+08:00,2019-08-03 23:55:00+08:00,10612.1,10733.05,多,12872.93,10298.35,1.14%,95.58,12968.51,正常平仓
闭,建星,2019-08-03 00:00:00+08:00,2019-08-03 23:55:00+08:00,10612.1,10733.05,多,12968.51,12968.51,1.14%,120.36,13088.88,正常平仓
尾宿,星宿,2019-08-06 00:00:00+00:00,2019-08-06 23:55:00+00:00,11830.0,11481.69,多,13088.88,10471.1,-2.94%,-329.82,12759.06,正常平仓
闭,建星,2019-08-16 00:00:00+08:00,2019-08-16 23:55:00+08:00,10092.96,10386.04,多,13088.88,13088.88,2.90%,352.03,13440.91,正常平仓
毕宿,星宿,2019-08-19 00:00:00+08:00,2019-08-19 23:55:00+08:00,10388.53,10707.8,多,13440.91,17473.18,3.07%,499.52,13940.43,正常平仓
参宿,星宿,2019-08-21 00:00:00+08:00,2019-08-21 23:55:00+08:00,10744.54,9986.77,多,13940.43,11152.35,-7.05%,-808.76,13131.67,正常平仓
闭,建星,2019-08-28 00:00:00+08:00,2019-08-28 23:55:00+08:00,10190.73,10239.73,多,13940.43,13940.43,0.48%,37.67,13978.1,正常平仓
轸宿,星宿,2019-08-28 00:00:00+00:00,2019-08-28 23:55:00+00:00,10185.69,9721.0,多,13978.1,20967.15,-4.56%,-999.14,12978.96,正常平仓
氐宿,星宿,2019-08-31 00:00:00+08:00,2019-08-31 23:55:00+08:00,9589.1,9595.0,多,13978.1,11182.48,0.06%,-16.6,13961.5,正常平仓
尾宿,星宿,2019-09-03 00:00:00+00:00,2019-09-03 23:55:00+00:00,10340.0,10615.28,多,13978.1,11182.48,2.66%,273.79,14251.89,正常平仓
闭,建星,2019-09-10 00:00:00+08:00,2019-09-10 23:55:00+08:00,10321.26,10175.07,多,14251.89,14251.89,-1.42%,-231.48,14020.42,正常平仓
毕宿,星宿,2019-09-16 00:00:00+08:00,2019-09-16 23:55:00+08:00,10307.12,10117.49,多,14251.89,18527.46,-1.84%,-379.25,13872.65,正常平仓
参宿,星宿,2019-09-18 00:00:00+08:00,2019-09-18 23:55:00+08:00,10201.43,10173.4,多,14251.89,11401.51,-0.27%,-55.21,14196.68,正常平仓
闭,建星,2019-09-22 00:00:00+08:00,2019-09-22 23:55:00+08:00,10038.43,9990.64,多,14251.89,14251.89,-0.48%,-97.66,14154.23,正常平仓
轸宿,星宿,2019-09-25 00:00:00+00:00,2019-09-25 23:55:00+00:00,8497.55,8430.05,多,14251.89,21377.84,-0.79%,-214.43,14037.46,正常平仓
氐宿,星宿,2019-09-28 00:00:00+08:00,2019-09-28 23:55:00+08:00,7978.53,8069.47,多,14251.89,11401.51,1.14%,105.83,14357.72,正常平仓
尾宿,星宿,2019-10-01 00:00:00+00:00,2019-10-01 23:55:00+00:00,8289.97,8292.44,多,14357.72,11486.18,0.03%,-20.69,14337.03,正常平仓
闭,建星,2019-10-04 00:00:00+08:00,2019-10-04 23:55:00+08:00,8108.98,8148.0,多,14357.72,14357.72,0.48%,38.85,14396.57,正常平仓
毕宿,星宿,2019-10-14 00:00:00+08:00,2019-10-14 23:55:00+08:00,8401.88,8251.94,多,14396.57,18715.54,-1.78%,-372.78,14023.79,正常平仓
参宿,星宿,2019-10-16 00:00:00+08:00,2019-10-16 23:55:00+08:00,8318.32,7953.15,多,14396.57,11517.25,-4.39%,-529.02,13867.55,正常平仓
闭,建星,2019-10-17 00:00:00+08:00,2019-10-17 23:55:00+08:00,7953.06,8069.39,多,14396.57,14396.57,1.46%,180.05,14576.61,正常平仓
轸宿,星宿,2019-10-23 00:00:00+00:00,2019-10-23 23:55:00+00:00,8020.06,7466.62,多,14576.61,21864.92,-6.90%,-1552.46,13024.15,正常平仓
氐宿,星宿,2019-10-26 00:00:00+08:00,2019-10-26 09:40:00+08:00,8262.95,10307.96,多,14576.61,11661.29,24.75%,2857.27,17433.88,止盈平仓
闭,建星,2019-10-29 00:00:00+08:00,2019-10-29 23:55:00+08:00,9376.22,9340.06,多,17433.88,17433.88,-0.39%,-103.73,17330.15,正常平仓
尾宿,星宿,2019-10-29 00:00:00+00:00,2019-10-29 23:55:00+00:00,9204.45,9407.62,多,17433.88,13947.11,2.21%,278.12,17712.0,正常平仓
毕宿,星宿,2019-11-11 00:00:00+08:00,2019-11-11 23:55:00+08:00,8800.0,8723.59,多,17712.0,23025.6,-0.87%,-247.96,17464.04,正常平仓
闭,建星,2019-11-11 00:00:00+08:00,2019-11-11 23:55:00+08:00,8800.0,8723.59,多,17712.0,17712.0,-0.87%,-190.74,17521.26,正常平仓
参宿,星宿,2019-11-13 00:00:00+08:00,2019-11-13 23:55:00+08:00,8703.61,8751.18,多,17712.0,14169.6,0.55%,47.59,17759.59,正常平仓
轸宿,星宿,2019-11-20 00:00:00+00:00,2019-11-20 23:55:00+00:00,8133.83,8098.01,多,17759.59,26639.38,-0.44%,-173.06,17586.53,正常平仓
氐宿,星宿,2019-11-23 00:00:00+08:00,2019-11-23 23:55:00+08:00,7125.22,7291.2,多,17759.59,14207.67,2.33%,300.65,18060.23,正常平仓
闭,建星,2019-11-23 00:00:00+08:00,2019-11-23 23:55:00+08:00,7125.22,7291.2,多,18060.23,18060.23,2.33%,382.17,18442.4,正常平仓
尾宿,星宿,2019-11-26 00:00:00+00:00,2019-11-26 23:55:00+00:00,7109.99,7156.14,多,18442.4,14753.92,0.65%,64.65,18507.05,正常平仓
闭,建星,2019-12-05 00:00:00+08:00,2019-12-05 23:55:00+08:00,7466.78,7336.99,多,18507.05,18507.05,-1.74%,-360.06,18147.0,正常平仓
毕宿,星宿,2019-12-09 00:00:00+08:00,2019-12-09 23:55:00+08:00,7546.0,7424.0,多,18507.05,24059.17,-1.62%,-438.89,18068.16,正常平仓
参宿,星宿,2019-12-11 00:00:00+08:00,2019-12-11 23:55:00+08:00,7236.4,7174.0,多,18507.05,14805.64,-0.86%,-158.56,18348.5,正常平仓
闭,建星,2019-12-18 00:00:00+08:00,2019-12-18 23:55:00+08:00,6696.32,6823.49,多,18507.05,18507.05,1.90%,312.09,18819.15,正常平仓
轸宿,星宿,2019-12-18 00:00:00+00:00,2019-12-18 22:55:00+00:00,6623.84,7422.96,多,18819.15,28228.72,12.06%,3341.24,22160.39,止盈平仓
氐宿,星宿,2019-12-21 00:00:00+08:00,2019-12-21 23:55:00+08:00,7155.4,7139.32,多,22160.39,17728.31,-0.22%,-76.99,22083.4,正常平仓
尾宿,星宿,2019-12-24 00:00:00+00:00,2019-12-24 23:55:00+00:00,7317.3,7255.77,多,22160.39,17728.31,-0.84%,-186.06,21974.33,正常平仓
闭,建星,2019-12-30 00:00:00+08:00,2019-12-30 23:55:00+08:00,7395.03,7262.08,多,22160.39,22160.39,-1.80%,-444.32,21716.07,正常平仓
毕宿,星宿,2020-01-06 00:00:00+08:00,2020-01-06 23:55:00+08:00,7467.91,7519.99,多,22160.39,28808.51,0.70%,140.14,22300.53,正常平仓
参宿,星宿,2020-01-08 00:00:00+08:00,2020-01-08 23:55:00+08:00,7764.04,8305.97,多,22300.53,17840.42,6.98%,1205.95,23506.47,正常平仓
闭,建星,2020-01-12 00:00:00+08:00,2020-01-12 23:55:00+08:00,8099.16,8152.7,多,23506.47,23506.47,0.66%,105.82,23612.29,正常平仓
轸宿,星宿,2020-01-15 00:00:00+00:00,2020-01-15 23:55:00+00:00,8814.64,8821.41,多,23612.29,35418.44,0.08%,-47.18,23565.11,正常平仓
氐宿,星宿,2020-01-18 00:00:00+08:00,2020-01-18 23:55:00+08:00,8851.39,8903.26,多,23612.29,18889.83,0.59%,70.88,23683.17,正常平仓
尾宿,星宿,2020-01-21 00:00:00+00:00,2020-01-21 23:55:00+00:00,8642.35,8736.03,多,23683.17,18946.54,1.08%,165.3,23848.47,正常平仓
闭,建星,2020-01-24 00:00:00+08:00,2020-01-24 23:55:00+08:00,8357.81,8506.44,多,23848.47,23848.47,1.78%,373.41,24221.88,正常平仓
毕宿,星宿,2020-02-03 00:00:00+08:00,2020-02-03 23:55:00+08:00,9446.8,9270.0,多,24221.88,31488.45,-1.87%,-654.53,23567.35,正常平仓
参宿,星宿,2020-02-05 00:00:00+08:00,2020-02-05 23:55:00+08:00,9207.02,9485.08,多,24221.88,19377.51,3.02%,543.67,24765.55,正常平仓
闭,建星,2020-02-06 00:00:00+08:00,2020-02-06 23:55:00+08:00,9484.22,9786.88,多,24765.55,24765.55,3.19%,737.15,25502.7,正常平仓
轸宿,星宿,2020-02-12 00:00:00+00:00,2020-02-12 23:55:00+00:00,10223.08,10326.46,多,25502.7,38254.05,1.01%,305.97,25808.66,正常平仓
氐宿,星宿,2020-02-15 00:00:00+08:00,2020-02-15 23:55:00+08:00,10249.94,9983.18,多,25808.66,20646.93,-2.60%,-579.88,25228.78,正常平仓
闭,建星,2020-02-18 00:00:00+08:00,2020-02-18 23:55:00+08:00,9635.27,9830.68,多,25808.66,25808.66,2.03%,468.46,26277.12,正常平仓
尾宿,星宿,2020-02-18 00:00:00+00:00,2020-02-18 21:05:00+00:00,9706.0,10210.72,多,26277.12,21021.7,5.20%,1047.38,27324.51,止盈平仓
闭,建星,2020-03-01 00:00:00+08:00,2020-03-01 23:55:00+08:00,8650.0,8557.8,多,27324.51,27324.51,-1.07%,-348.17,26976.34,正常平仓
毕宿,星宿,2020-03-02 00:00:00+08:00,2020-03-02 23:55:00+08:00,8557.8,8829.21,多,27324.51,35521.86,3.17%,1050.32,28374.83,正常平仓
参宿,星宿,2020-03-04 00:00:00+08:00,2020-03-04 23:55:00+08:00,8753.01,8700.0,多,28374.83,22699.87,-0.61%,-184.92,28189.92,正常平仓
轸宿,星宿,2020-03-11 00:00:00+00:00,2020-03-11 23:55:00+00:00,7894.57,7934.52,多,28374.83,42562.25,0.51%,125.72,28500.55,正常平仓
氐宿,星宿,2020-03-14 00:00:00+08:00,2020-03-14 23:55:00+08:00,5207.63,5311.38,多,28500.55,22800.44,1.99%,405.71,28906.26,正常平仓
闭,建星,2020-03-14 00:00:00+08:00,2020-03-14 07:00:00+08:00,5207.63,5659.35,多,28906.26,28906.26,8.67%,2442.95,31349.21,止盈平仓
尾宿,星宿,2020-03-17 00:00:00+00:00,2020-03-17 01:30:00+00:00,5028.86,5341.65,多,31349.21,25079.37,6.22%,1504.93,32854.15,止盈平仓
闭,建星,2020-03-26 00:00:00+08:00,2020-03-26 23:55:00+08:00,6617.19,6617.04,多,32854.15,32854.15,-0.00%,-69.7,32784.44,正常平仓
毕宿,星宿,2020-03-30 00:00:00+08:00,2020-03-30 23:55:00+08:00,6129.91,6343.58,多,32854.15,42710.39,3.49%,1396.87,34251.02,正常平仓
参宿,星宿,2020-04-01 00:00:00+08:00,2020-04-01 23:55:00+08:00,6454.12,6230.09,多,34251.02,27400.82,-3.47%,-1007.2,33243.82,正常平仓
闭,建星,2020-04-08 00:00:00+08:00,2020-04-08 23:55:00+08:00,7318.3,7276.83,多,34251.02,34251.02,-0.57%,-265.69,33985.33,正常平仓
轸宿,星宿,2020-04-08 00:00:00+00:00,2020-04-08 23:55:00+00:00,7197.32,7361.28,多,34251.02,51376.53,2.28%,1060.8,35311.82,正常平仓
氐宿,星宿,2020-04-11 00:00:00+08:00,2020-04-11 23:55:00+08:00,6766.76,6831.28,多,35311.82,28249.45,0.95%,209.65,35521.47,正常平仓
尾宿,星宿,2020-04-14 00:00:00+00:00,2020-04-14 23:55:00+00:00,6838.04,6868.7,多,35521.47,28417.18,0.45%,67.58,35589.05,正常平仓
闭,建星,2020-04-20 00:00:00+08:00,2020-04-20 23:55:00+08:00,7097.34,7071.4,多,35589.05,35589.05,-0.37%,-204.58,35384.47,正常平仓
毕宿,星宿,2020-04-27 00:00:00+08:00,2020-04-27 23:55:00+08:00,7545.01,7675.58,多,35589.05,46265.76,1.73%,702.34,36291.39,正常平仓
参宿,星宿,2020-04-29 00:00:00+08:00,2020-04-29 23:55:00+08:00,7717.12,8357.06,多,36291.39,29033.11,8.29%,2343.01,38634.4,正常平仓
闭,建星,2020-05-02 00:00:00+08:00,2020-05-02 23:55:00+08:00,8726.88,8936.41,多,38634.4,38634.4,2.40%,845.12,39479.52,正常平仓
轸宿,星宿,2020-05-06 00:00:00+00:00,2020-05-06 23:55:00+00:00,9021.36,9142.92,多,39479.52,59219.28,1.35%,672.46,40151.98,正常平仓
氐宿,星宿,2020-05-09 00:00:00+08:00,2020-05-09 23:55:00+08:00,9942.07,9688.62,多,40151.98,32121.59,-2.55%,-885.06,39266.92,正常平仓
尾宿,星宿,2020-05-12 00:00:00+00:00,2020-05-12 23:55:00+00:00,8562.04,8810.79,多,40151.98,32121.59,2.91%,864.4,41016.38,正常平仓
闭,建星,2020-05-15 00:00:00+08:00,2020-05-15 23:55:00+08:00,9748.99,9475.53,多,41016.38,41016.38,-2.81%,-1234.88,39781.5,正常平仓
毕宿,星宿,2020-05-25 00:00:00+08:00,2020-05-25 23:55:00+08:00,9055.6,8782.44,多,41016.38,53321.29,-3.02%,-1717.93,39298.44,正常平仓
参宿,星宿,2020-05-27 00:00:00+08:00,2020-05-27 23:55:00+08:00,8726.6,9148.0,多,41016.38,32813.1,4.83%,1513.27,42529.64,正常平仓
闭,建星,2020-05-27 00:00:00+08:00,2020-05-27 23:55:00+08:00,8726.6,9148.0,多,42529.64,42529.64,4.83%,1961.37,44491.02,正常平仓
轸宿,星宿,2020-06-03 00:00:00+00:00,2020-06-03 23:55:00+00:00,9518.02,9666.24,多,44491.02,66736.52,1.56%,897.62,45388.64,正常平仓
氐宿,星宿,2020-06-06 00:00:00+08:00,2020-06-06 23:55:00+08:00,9711.76,9651.67,多,45388.64,36310.91,-0.62%,-300.55,45088.09,正常平仓
闭,建星,2020-06-09 00:00:00+08:00,2020-06-09 23:55:00+08:00,9706.3,9719.89,多,45388.64,45388.64,0.14%,-31.82,45356.82,正常平仓
尾宿,星宿,2020-06-09 00:00:00+00:00,2020-06-09 23:55:00+00:00,9782.0,9772.43,多,45388.64,36310.91,-0.10%,-111.69,45276.95,正常平仓
闭,建星,2020-06-21 00:00:00+08:00,2020-06-21 23:55:00+08:00,9258.82,9373.33,多,45388.64,45388.64,1.24%,465.24,45853.88,正常平仓
毕宿,星宿,2020-06-22 00:00:00+08:00,2020-06-22 23:55:00+08:00,9373.33,9492.26,多,45853.88,59610.04,1.27%,630.08,46483.96,正常平仓
参宿,星宿,2020-06-24 00:00:00+08:00,2020-06-24 23:55:00+08:00,9691.99,9249.93,多,46483.96,37187.17,-4.56%,-1771.65,44712.31,正常平仓
轸宿,星宿,2020-07-01 00:00:00+00:00,2020-07-01 23:55:00+00:00,9138.08,9232.0,多,46483.96,69725.94,1.03%,569.21,47053.17,正常平仓
闭,建星,2020-07-03 00:00:00+08:00,2020-07-03 23:55:00+08:00,9048.92,9100.39,多,47053.17,47053.17,0.57%,168.47,47221.64,正常平仓
氐宿,星宿,2020-07-04 00:00:00+08:00,2020-07-04 23:55:00+08:00,9100.38,9066.01,多,47221.64,37777.31,-0.38%,-221.76,46999.88,正常平仓
尾宿,星宿,2020-07-07 00:00:00+00:00,2020-07-07 23:55:00+00:00,9342.47,9257.39,多,47221.64,37777.31,-0.91%,-422.81,46798.83,正常平仓
闭,建星,2020-07-16 00:00:00+08:00,2020-07-16 23:55:00+08:00,9204.98,9125.26,多,47221.64,47221.64,-0.87%,-507.47,46714.17,正常平仓
毕宿,星宿,2020-07-20 00:00:00+08:00,2020-07-20 23:55:00+08:00,9120.59,9173.75,多,47221.64,61388.13,0.58%,228.41,47450.05,正常平仓
参宿,星宿,2020-07-22 00:00:00+08:00,2020-07-22 23:55:00+08:00,9337.99,9338.14,多,47450.05,37960.04,0.00%,-79.07,47370.98,正常平仓
闭,建星,2020-07-28 00:00:00+08:00,2020-07-28 06:00:00+08:00,10299.99,11169.99,多,47450.05,47450.05,8.45%,3902.32,51352.37,止盈平仓
轸宿,星宿,2020-07-29 00:00:00+00:00,2020-07-29 23:55:00+00:00,10906.27,11100.53,多,51352.37,77028.55,1.78%,1208.28,52560.64,正常平仓
氐宿,星宿,2020-08-01 00:00:00+08:00,2020-08-01 23:55:00+08:00,11346.89,11632.89,多,52560.64,42048.51,2.52%,969.99,53530.63,正常平仓
尾宿,星宿,2020-08-04 00:00:00+00:00,2020-08-04 23:55:00+00:00,11219.68,11191.97,多,53530.63,42824.51,-0.25%,-195.5,53335.14,正常平仓
闭,建星,2020-08-10 00:00:00+08:00,2020-08-10 23:55:00+08:00,11567.42,11920.67,多,53530.63,53530.63,3.05%,1519.93,55050.56,正常平仓
毕宿,星宿,2020-08-17 00:00:00+08:00,2020-08-17 23:55:00+08:00,11859.91,12421.55,多,55050.56,71565.73,4.74%,3233.78,58284.34,正常平仓
参宿,星宿,2020-08-19 00:00:00+08:00,2020-08-19 23:55:00+08:00,11934.41,11726.5,多,58284.34,46627.47,-1.74%,-908.95,57375.39,正常平仓
闭,建星,2020-08-22 00:00:00+08:00,2020-08-22 23:55:00+08:00,11720.01,11583.1,多,58284.34,58284.34,-1.17%,-802.18,57482.16,正常平仓
轸宿,星宿,2020-08-26 00:00:00+00:00,2020-08-26 23:55:00+00:00,11318.42,11461.43,多,58284.34,87426.51,1.26%,919.48,59203.83,正常平仓
氐宿,星宿,2020-08-29 00:00:00+08:00,2020-08-29 23:55:00+08:00,11529.3,11500.99,多,59203.83,47363.06,-0.25%,-215.54,58988.29,正常平仓
尾宿,星宿,2020-09-01 00:00:00+00:00,2020-09-01 23:55:00+00:00,11649.51,11921.97,多,59203.83,47363.06,2.34%,1006.66,60210.48,正常平仓
闭,建星,2020-09-03 00:00:00+08:00,2020-09-03 23:55:00+08:00,11329.66,10670.28,多,60210.48,60210.48,-5.82%,-3625.35,56585.14,正常平仓
毕宿,星宿,2020-09-14 00:00:00+08:00,2020-09-14 23:55:00+08:00,10280.15,10698.03,多,60210.48,78273.63,4.06%,3012.7,63223.18,正常平仓
参宿,星宿,2020-09-16 00:00:00+08:00,2020-09-16 23:55:00+08:00,10785.23,11004.99,多,63223.18,50578.54,2.04%,922.88,64146.06,正常平仓
闭,建星,2020-09-16 00:00:00+08:00,2020-09-16 23:55:00+08:00,10785.23,11004.99,多,64146.06,64146.06,2.04%,1170.44,65316.5,正常平仓
轸宿,星宿,2020-09-23 00:00:00+00:00,2020-09-23 23:55:00+00:00,10529.61,10241.46,多,65316.5,97974.75,-2.74%,-2882.78,62433.72,正常平仓
氐宿,星宿,2020-09-26 00:00:00+08:00,2020-09-26 23:55:00+08:00,10647.62,10721.0,多,65316.5,52253.2,0.69%,249.89,65566.39,正常平仓
闭,建星,2020-09-28 00:00:00+08:00,2020-09-28 23:55:00+08:00,10754.82,10901.9,多,65566.39,65566.39,1.37%,757.7,66324.09,正常平仓
尾宿,星宿,2020-09-29 00:00:00+00:00,2020-09-29 23:55:00+00:00,10696.11,10840.48,多,66324.09,53059.27,1.35%,603.72,66927.81,正常平仓
闭,建星,2020-10-11 00:00:00+08:00,2020-10-11 23:55:00+08:00,11349.2,11405.47,多,66927.81,66927.81,0.50%,190.85,67118.66,正常平仓
毕宿,星宿,2020-10-12 00:00:00+08:00,2020-10-12 23:55:00+08:00,11405.46,11549.38,多,67118.66,87254.26,1.26%,916.22,68034.89,正常平仓
参宿,星宿,2020-10-14 00:00:00+08:00,2020-10-14 23:55:00+08:00,11385.15,11320.76,多,68034.89,54427.91,-0.57%,-421.61,67613.28,正常平仓
轸宿,星宿,2020-10-21 00:00:00+00:00,2020-10-21 22:55:00+00:00,11910.0,13198.5,多,68034.89,102052.33,10.82%,10809.92,78844.8,止盈平仓
闭,建星,2020-10-23 00:00:00+08:00,2020-10-23 23:55:00+08:00,12930.0,12921.09,多,78844.8,78844.8,-0.07%,-219.75,78625.06,正常平仓
氐宿,星宿,2020-10-24 00:00:00+08:00,2020-10-24 23:55:00+08:00,12921.1,13100.0,多,78844.8,63075.84,1.38%,739.62,79584.42,正常平仓
尾宿,星宿,2020-10-27 00:00:00+00:00,2020-10-27 23:05:00+00:00,13052.15,13777.21,多,79584.42,63667.53,5.56%,3397.86,82982.27,止盈平仓
闭,建星,2020-11-04 00:00:00+08:00,2020-11-04 23:55:00+08:00,13710.39,13911.47,多,82982.27,82982.27,1.47%,1041.03,84023.31,正常平仓
毕宿,星宿,2020-11-09 00:00:00+08:00,2020-11-09 23:55:00+08:00,15353.49,15000.96,多,84023.31,109230.3,-2.30%,-2733.54,81289.77,正常平仓
参宿,星宿,2020-11-11 00:00:00+08:00,2020-11-11 23:55:00+08:00,15167.12,15667.27,多,84023.31,67218.65,3.30%,2072.18,86095.49,正常平仓
闭,建星,2020-11-17 00:00:00+08:00,2020-11-17 23:55:00+08:00,16450.0,17322.19,多,86095.49,86095.49,5.30%,4377.28,90472.77,正常平仓
轸宿,星宿,2020-11-18 00:00:00+00:00,2020-11-18 23:55:00+00:00,17659.38,17776.12,多,90472.77,135709.16,0.66%,610.93,91083.7,正常平仓
氐宿,星宿,2020-11-21 00:00:00+08:00,2020-11-21 23:55:00+08:00,18668.56,18790.01,多,91083.7,72866.96,0.65%,320.38,91404.08,正常平仓
尾宿,星宿,2020-11-24 00:00:00+00:00,2020-11-24 15:00:00+00:00,18368.01,19394.47,多,91404.08,73123.27,5.59%,3926.74,95330.82,止盈平仓
闭,建星,2020-11-29 00:00:00+08:00,2020-11-29 23:55:00+08:00,17517.04,18119.97,多,95330.82,95330.82,3.44%,3076.23,98407.06,正常平仓
毕宿,星宿,2020-12-07 00:00:00+08:00,2020-12-07 23:55:00+08:00,19125.84,19213.9,多,98407.06,127929.17,0.46%,319.61,98726.67,正常平仓
参宿,星宿,2020-12-09 00:00:00+08:00,2020-12-09 23:55:00+08:00,18809.91,18349.5,多,98726.67,78981.33,-2.45%,-2096.11,96630.56,正常平仓
闭,建星,2020-12-12 00:00:00+08:00,2020-12-12 23:55:00+08:00,18104.74,18399.01,多,98726.67,98726.67,1.63%,1395.05,100121.71,正常平仓
轸宿,星宿,2020-12-16 00:00:00+00:00,2020-12-16 23:15:00+00:00,19426.43,21262.05,多,100121.71,150182.57,9.45%,13854.37,113976.09,止盈平仓
氐宿,星宿,2020-12-19 00:00:00+08:00,2020-12-19 23:55:00+08:00,22549.0,23552.01,多,113976.09,91180.87,4.45%,3858.38,117834.47,正常平仓
尾宿,星宿,2020-12-22 00:00:00+00:00,2020-12-22 23:55:00+00:00,22719.88,23810.79,多,117834.47,94267.57,4.80%,4321.67,122156.13,正常平仓
闭,建星,2020-12-24 00:00:00+08:00,2020-12-24 23:55:00+08:00,23449.66,23232.12,多,122156.13,122156.13,-0.93%,-1387.94,120768.2,正常平仓
毕宿,星宿,2021-01-04 00:00:00+08:00,2021-01-04 17:30:00+08:00,33505.15,31172.18,多,122156.13,158802.98,-6.96%,-11374.23,110781.9,止损平仓
参宿,星宿,2021-01-06 00:00:00+08:00,2021-01-06 23:55:00+08:00,32099.97,34566.19,多,122156.13,97724.91,7.68%,7291.76,129447.9,正常平仓
闭,建星,2021-01-06 00:00:00+08:00,2021-01-06 12:20:00+08:00,32099.97,35150.0,多,129447.9,129447.9,9.50%,12009.55,141457.45,止盈平仓
轸宿,星宿,2021-01-13 00:00:00+00:00,2021-01-13 22:00:00+00:00,34049.15,37612.9,多,141457.45,212186.17,10.47%,21729.77,163187.22,止盈平仓
氐宿,星宿,2021-01-16 00:00:00+08:00,2021-01-16 23:55:00+08:00,35610.79,37461.99,多,163187.22,130549.77,5.20%,6502.33,169689.55,正常平仓
闭,建星,2021-01-18 00:00:00+08:00,2021-01-18 23:55:00+08:00,35728.47,36405.98,多,169689.55,169689.55,1.90%,2856.78,172546.33,正常平仓
尾宿,星宿,2021-01-19 00:00:00+00:00,2021-01-19 23:55:00+00:00,36622.46,35891.49,多,172546.33,138037.06,-2.00%,-3040.78,169505.55,正常平仓
闭,建星,2021-01-30 00:00:00+08:00,2021-01-30 23:55:00+08:00,37129.4,34210.2,多,172546.33,172546.33,-7.86%,-13907.83,158638.5,正常平仓
毕宿,星宿,2021-02-01 00:00:00+08:00,2021-02-01 23:55:00+08:00,32862.65,33160.17,多,172546.33,224310.23,0.91%,1556.91,174103.24,正常平仓
参宿,星宿,2021-02-03 00:00:00+08:00,2021-02-03 23:55:00+08:00,34708.47,36850.0,多,174103.24,139282.59,6.17%,8288.57,182391.81,正常平仓
轸宿,星宿,2021-02-10 00:00:00+00:00,2021-02-10 23:55:00+00:00,46420.42,44807.58,多,182391.81,273587.71,-3.47%,-10065.6,172326.21,正常平仓
闭,建星,2021-02-12 00:00:00+08:00,2021-02-12 23:55:00+08:00,47960.86,47021.05,多,182391.81,182391.81,-1.96%,-3951.51,178440.29,正常平仓
氐宿,星宿,2021-02-13 00:00:00+08:00,2021-02-13 23:55:00+08:00,47021.05,47076.01,多,182391.81,145913.45,0.12%,-135.98,182255.83,正常平仓
尾宿,星宿,2021-02-16 00:00:00+00:00,2021-02-16 12:30:00+00:00,47911.1,50221.4,多,182391.81,145913.45,4.82%,6719.21,189111.02,止盈平仓
闭,建星,2021-02-24 00:00:00+08:00,2021-02-24 23:55:00+08:00,48602.02,49819.5,多,189111.02,189111.02,2.50%,4333.18,193444.2,正常平仓
毕宿,星宿,2021-03-01 00:00:00+08:00,2021-03-01 23:55:00+08:00,43391.14,49188.0,多,193444.2,251477.46,13.36%,33018.04,226462.24,正常平仓
参宿,星宿,2021-03-03 00:00:00+08:00,2021-03-03 23:55:00+08:00,48676.09,50767.36,多,226462.24,181169.79,4.30%,7391.65,233853.89,正常平仓
闭,建星,2021-03-09 00:00:00+08:00,2021-03-09 23:55:00+08:00,51055.0,54097.02,多,233853.89,233853.89,5.96%,13422.02,247275.9,正常平仓
轸宿,星宿,2021-03-10 00:00:00+00:00,2021-03-10 23:55:00+00:00,54874.67,55851.59,多,247275.9,370913.86,1.78%,5814.84,253090.74,正常平仓
氐宿,星宿,2021-03-13 00:00:00+08:00,2021-03-13 23:55:00+08:00,56956.96,59692.99,多,253090.74,202472.6,4.80%,9286.57,262377.31,正常平仓
尾宿,星宿,2021-03-16 00:00:00+00:00,2021-03-16 23:55:00+00:00,55605.2,56900.75,多,262377.31,209901.85,2.33%,4442.6,266819.91,正常平仓
闭,建星,2021-03-21 00:00:00+08:00,2021-03-21 23:55:00+08:00,59244.51,57159.04,多,266819.91,266819.91,-3.52%,-9938.32,256881.59,正常平仓
毕宿,星宿,2021-03-29 00:00:00+08:00,2021-03-29 23:55:00+08:00,56356.98,57719.74,多,266819.91,346865.89,2.42%,7646.87,274466.78,正常平仓
参宿,星宿,2021-03-31 00:00:00+08:00,2021-03-31 23:55:00+08:00,58526.43,59304.75,多,274466.78,219573.43,1.33%,2454.76,276921.54,正常平仓
闭,建星,2021-04-02 00:00:00+08:00,2021-04-02 23:55:00+08:00,58974.66,59480.06,多,276921.54,276921.54,0.86%,1788.34,278709.88,正常平仓
轸宿,星宿,2021-04-07 00:00:00+00:00,2021-04-07 23:55:00+00:00,57990.03,55953.45,多,278709.88,418064.83,-3.51%,-15537.73,263172.15,正常平仓
氐宿,星宿,2021-04-10 00:00:00+08:00,2021-04-10 23:55:00+08:00,58239.99,60247.26,多,278709.88,222967.91,3.45%,7205.17,285915.05,正常平仓
尾宿,星宿,2021-04-13 00:00:00+00:00,2021-04-13 09:50:00+00:00,59860.01,63146.43,多,285915.05,228732.04,5.49%,12058.86,297973.91,止盈平仓
闭,建星,2021-04-15 00:00:00+08:00,2021-04-15 23:55:00+08:00,63045.03,62715.18,多,297973.91,297973.91,-0.52%,-2182.1,295791.81,正常平仓
毕宿,星宿,2021-04-26 00:00:00+08:00,2021-04-26 23:55:00+08:00,50257.97,53571.12,多,297973.91,387366.09,6.59%,24684.93,322658.84,正常平仓
闭,建星,2021-04-27 00:00:00+08:00,2021-04-27 23:55:00+08:00,53571.13,54981.87,多,322658.84,322658.84,2.63%,7806.89,330465.73,正常平仓
参宿,星宿,2021-04-28 00:00:00+08:00,2021-04-28 23:55:00+08:00,54981.86,54338.14,多,330465.73,264372.58,-1.17%,-3645.52,326820.21,正常平仓
轸宿,星宿,2021-05-05 00:00:00+00:00,2021-05-05 23:55:00+00:00,53205.05,57436.11,多,330465.73,495698.59,7.95%,38320.2,368785.93,正常平仓
氐宿,星宿,2021-05-08 00:00:00+08:00,2021-05-08 23:55:00+08:00,57519.25,57599.87,多,368785.93,295028.74,0.14%,-206.37,368579.56,正常平仓
闭,建星,2021-05-10 00:00:00+08:00,2021-05-10 23:55:00+08:00,57379.58,58296.36,多,368785.93,368785.93,1.60%,5109.35,373895.28,正常平仓
尾宿,星宿,2021-05-11 00:00:00+00:00,2021-05-11 23:55:00+00:00,55816.14,56670.02,多,373895.28,299116.22,1.53%,3941.2,377836.48,正常平仓
闭,建星,2021-05-22 00:00:00+08:00,2021-05-22 23:55:00+08:00,36803.28,38162.4,多,377836.48,377836.48,3.69%,13139.25,390975.73,正常平仓
毕宿,星宿,2021-05-24 00:00:00+08:00,2021-05-24 20:40:00+08:00,33316.42,38433.45,多,390975.73,508268.44,15.36%,76880.48,467856.21,止盈平仓
参宿,星宿,2021-05-26 00:00:00+08:00,2021-05-26 23:55:00+08:00,38277.55,38758.61,多,467856.21,374284.97,1.26%,3911.22,471767.43,正常平仓
轸宿,星宿,2021-06-02 00:00:00+00:00,2021-06-02 23:55:00+00:00,36694.85,37568.68,多,471767.43,707651.14,2.38%,15340.98,487108.4,正常平仓
闭,建星,2021-06-03 00:00:00+08:00,2021-06-03 23:55:00+08:00,38040.69,38535.61,多,487108.4,487108.4,1.30%,5305.48,492413.88,正常平仓
氐宿,星宿,2021-06-05 00:00:00+08:00,2021-06-05 23:55:00+08:00,36948.86,36321.42,多,492413.88,393931.1,-1.70%,-7506.3,484907.58,正常平仓
尾宿,星宿,2021-06-08 00:00:00+00:00,2021-06-08 23:55:00+00:00,33556.96,33380.81,多,492413.88,393931.1,-0.52%,-2891.62,489522.26,正常平仓
闭,建星,2021-06-16 00:00:00+08:00,2021-06-16 23:55:00+08:00,40065.01,38775.66,多,492413.88,492413.88,-3.22%,-16856.41,475557.46,正常平仓
毕宿,星宿,2021-06-21 00:00:00+08:00,2021-06-21 19:05:00+08:00,34422.11,32149.42,多,492413.88,640138.04,-6.60%,-43544.86,448869.02,止损平仓
参宿,星宿,2021-06-23 00:00:00+08:00,2021-06-23 23:55:00+08:00,31707.56,33490.14,多,492413.88,393931.1,5.62%,21286.51,513700.39,正常平仓
闭,建星,2021-06-28 00:00:00+08:00,2021-06-28 23:55:00+08:00,33200.06,34969.99,多,513700.39,513700.39,5.33%,26266.6,539966.99,正常平仓
轸宿,星宿,2021-06-30 00:00:00+00:00,2021-06-30 23:55:00+00:00,35911.72,35045.0,多,539966.99,809950.48,-2.41%,-21218.73,518748.26,正常平仓
氐宿,星宿,2021-07-03 00:00:00+08:00,2021-07-03 23:55:00+08:00,33704.9,34608.48,多,539966.99,431973.59,2.68%,10656.52,550623.51,正常平仓
尾宿,星宿,2021-07-06 00:00:00+00:00,2021-07-06 23:55:00+00:00,33690.15,34220.01,多,550623.51,440498.8,1.57%,5992.93,556616.43,正常平仓
闭,建星,2021-07-11 00:00:00+08:00,2021-07-11 23:55:00+08:00,33862.55,33948.68,多,556616.43,556616.43,0.25%,245.3,556861.74,正常平仓
毕宿,星宿,2021-07-19 00:00:00+08:00,2021-07-19 23:55:00+08:00,31365.6,30687.96,多,556861.74,723920.26,-2.16%,-17136.04,539725.69,正常平仓
参宿,星宿,2021-07-21 00:00:00+08:00,2021-07-21 23:55:00+08:00,29890.8,31933.0,多,556861.74,445489.39,6.83%,29456.03,586317.77,正常平仓
闭,建星,2021-07-23 00:00:00+08:00,2021-07-23 23:55:00+08:00,32504.83,32315.0,多,586317.77,586317.77,-0.58%,-4649.68,581668.09,正常平仓
轸宿,星宿,2021-07-28 00:00:00+00:00,2021-07-28 23:55:00+00:00,39456.61,40019.56,多,586317.77,879476.65,1.43%,10683.16,597000.93,正常平仓
氐宿,星宿,2021-07-31 00:00:00+08:00,2021-07-31 23:55:00+08:00,39072.65,41537.83,多,597000.93,477600.75,6.31%,29085.24,626086.17,正常平仓
尾宿,星宿,2021-08-03 00:00:00+00:00,2021-08-03 23:55:00+00:00,39146.86,38207.05,多,626086.17,500868.93,-2.40%,-13057.8,613028.36,正常平仓
闭,建星,2021-08-04 00:00:00+08:00,2021-08-04 23:55:00+08:00,38169.45,39302.0,多,626086.17,626086.17,2.97%,17235.0,643321.17,正常平仓
毕宿,星宿,2021-08-16 00:00:00+08:00,2021-08-16 23:55:00+08:00,46173.49,46344.03,多,643321.17,836317.52,0.37%,1328.85,644650.01,正常平仓
闭,建星,2021-08-17 00:00:00+08:00,2021-08-17 23:55:00+08:00,46344.03,45730.0,多,644650.01,644650.01,-1.32%,-9881.54,634768.48,正常平仓
参宿,星宿,2021-08-18 00:00:00+08:00,2021-08-18 23:55:00+08:00,45730.0,45820.0,多,644650.01,515720.01,0.20%,-69.04,644580.97,正常平仓
轸宿,星宿,2021-08-25 00:00:00+00:00,2021-08-25 23:55:00+00:00,47674.01,48973.32,多,644650.01,966975.02,2.73%,24284.8,668934.81,正常平仓
氐宿,星宿,2021-08-28 00:00:00+08:00,2021-08-28 23:55:00+08:00,48184.66,48811.12,多,668934.81,535147.85,1.30%,5823.88,674758.69,正常平仓
闭,建星,2021-08-29 00:00:00+08:00,2021-08-29 23:55:00+08:00,48811.12,48474.95,多,674758.69,674758.69,-0.69%,-6056.52,668702.17,正常平仓
尾宿,星宿,2021-08-31 00:00:00+00:00,2021-08-31 23:55:00+00:00,46982.91,47100.89,多,674758.69,539806.95,0.25%,220.44,674979.13,正常平仓
闭,建星,2021-09-11 00:00:00+08:00,2021-09-11 23:55:00+08:00,45420.86,45573.99,多,674979.13,674979.13,0.34%,855.4,675834.53,正常平仓
毕宿,星宿,2021-09-13 00:00:00+08:00,2021-09-13 23:55:00+08:00,45890.61,44361.31,多,675834.53,878584.89,-3.33%,-31079.02,644755.52,正常平仓
参宿,星宿,2021-09-15 00:00:00+08:00,2021-09-15 23:55:00+08:00,46754.43,48288.0,多,675834.53,540667.63,3.28%,16572.74,692407.27,正常平仓
轸宿,星宿,2021-09-22 00:00:00+00:00,2021-09-22 23:55:00+00:00,40734.09,43543.61,多,692407.27,1038610.9,6.90%,69347.86,761755.13,正常平仓
闭,建星,2021-09-23 00:00:00+08:00,2021-09-23 23:55:00+08:00,43222.96,43747.63,多,761755.13,761755.13,1.21%,7633.92,769389.05,正常平仓
氐宿,星宿,2021-09-25 00:00:00+08:00,2021-09-25 23:55:00+08:00,41944.0,42669.96,多,769389.05,615511.24,1.73%,9345.24,778734.29,正常平仓
尾宿,星宿,2021-09-28 00:00:00+00:00,2021-09-28 23:55:00+00:00,42147.35,41026.54,多,778734.29,622987.43,-2.66%,-17849.71,760884.58,正常平仓
闭,建星,2021-10-05 00:00:00+08:00,2021-10-05 23:55:00+08:00,47758.22,49793.57,多,778734.29,778734.29,4.26%,31503.63,810237.92,正常平仓
毕宿,星宿,2021-10-11 00:00:00+08:00,2021-10-11 23:55:00+08:00,55370.28,57490.18,多,810237.92,1053309.29,3.83%,38055.53,848293.45,正常平仓
参宿,星宿,2021-10-13 00:00:00+08:00,2021-10-13 23:55:00+08:00,56300.66,56168.85,多,848293.45,678634.76,-0.23%,-3010.88,845282.57,正常平仓
闭,建星,2021-10-18 00:00:00+08:00,2021-10-18 23:55:00+08:00,60764.13,62003.03,多,848293.45,848293.45,2.04%,15489.08,863782.53,正常平仓
轸宿,星宿,2021-10-20 00:00:00+00:00,2021-10-20 23:55:00+00:00,64280.59,66001.41,多,863782.53,1295673.79,2.68%,31914.15,895696.68,正常平仓
氐宿,星宿,2021-10-23 00:00:00+08:00,2021-10-23 23:55:00+08:00,60690.94,61446.87,多,895696.68,716557.34,1.25%,7407.58,903104.26,正常平仓
尾宿,星宿,2021-10-26 00:00:00+00:00,2021-10-26 23:55:00+00:00,63078.78,60328.81,多,903104.26,722483.4,-4.36%,-32966.52,870137.73,正常平仓
闭,建星,2021-10-30 00:00:00+08:00,2021-10-30 23:55:00+08:00,62299.99,61377.19,多,903104.26,903104.26,-1.48%,-15252.53,887851.73,正常平仓
毕宿,星宿,2021-11-08 00:00:00+08:00,2021-11-08 23:55:00+08:00,61938.0,66379.41,多,903104.26,1174035.53,7.17%,81596.48,984700.74,正常平仓
参宿,星宿,2021-11-10 00:00:00+08:00,2021-11-10 23:55:00+08:00,66771.11,68348.63,多,984700.74,787760.59,2.36%,16930.06,1001630.79,正常平仓
闭,建星,2021-11-12 00:00:00+08:00,2021-11-12 23:55:00+08:00,64799.59,63155.94,多,1001630.79,1001630.79,-2.54%,-27470.83,974159.96,正常平仓
轸宿,星宿,2021-11-17 00:00:00+00:00,2021-11-17 23:55:00+00:00,60058.87,60344.87,多,1001630.79,1502446.19,0.48%,3990.28,1005621.07,正常平仓
氐宿,星宿,2021-11-20 00:00:00+08:00,2021-11-20 23:55:00+08:00,57887.96,57588.37,多,1005621.07,804496.86,-0.52%,-5845.94,999775.13,正常平仓
尾宿,星宿,2021-11-23 00:00:00+00:00,2021-11-23 23:55:00+00:00,56243.83,57541.27,多,1005621.07,804496.86,2.31%,16841.78,1022462.85,正常平仓
闭,建星,2021-11-24 00:00:00+08:00,2021-11-24 23:55:00+08:00,56883.07,56727.53,多,1022462.85,1022462.85,-0.27%,-4937.76,1017525.09,正常平仓
毕宿,星宿,2021-12-06 00:00:00+08:00,2021-12-06 23:55:00+08:00,47951.57,48942.68,多,1022462.85,1329201.71,2.07%,24642.06,1047104.92,正常平仓
闭,建星,2021-12-06 00:00:00+08:00,2021-12-06 23:55:00+08:00,47951.57,48942.68,多,1047104.92,1047104.92,2.07%,19412.27,1066517.19,正常平仓
参宿,星宿,2021-12-08 00:00:00+08:00,2021-12-08 23:55:00+08:00,51734.15,50640.1,多,1066517.19,853213.75,-2.11%,-19807.22,1046709.97,正常平仓
轸宿,星宿,2021-12-15 00:00:00+00:00,2021-12-15 23:55:00+00:00,48336.95,48864.98,多,1066517.19,1599775.79,1.09%,14091.73,1080608.92,正常平仓
氐宿,星宿,2021-12-18 00:00:00+08:00,2021-12-18 23:55:00+08:00,46528.83,46858.55,多,1080608.92,864487.14,0.71%,4302.32,1084911.25,正常平仓
闭,建星,2021-12-19 00:00:00+08:00,2021-12-19 23:55:00+08:00,46858.56,47239.8,多,1084911.25,1084911.25,0.81%,6536.35,1091447.6,正常平仓
尾宿,星宿,2021-12-21 00:00:00+00:00,2021-12-21 23:55:00+00:00,46914.17,48889.88,多,1091447.6,873158.08,4.21%,34883.68,1126331.27,正常平仓
闭,建星,2021-12-31 00:00:00+08:00,2021-12-31 23:55:00+08:00,47159.42,48005.37,多,1126331.27,1126331.27,1.79%,17809.78,1144141.05,正常平仓
毕宿,星宿,2022-01-03 00:00:00+08:00,2022-01-03 23:55:00+08:00,47340.47,46693.45,多,1144141.05,1487383.37,-1.37%,-23420.17,1120720.88,正常平仓
参宿,星宿,2022-01-05 00:00:00+08:00,2022-01-05 23:55:00+08:00,46925.34,46622.53,多,1144141.05,915312.84,-0.65%,-7818.92,1136322.13,正常平仓
轸宿,星宿,2022-01-12 00:00:00+00:00,2022-01-12 23:55:00+00:00,42729.29,43902.66,多,1144141.05,1716211.58,2.75%,43455.15,1187596.2,正常平仓
闭,建星,2022-01-13 00:00:00+08:00,2022-01-13 23:55:00+08:00,43560.29,43200.0,多,1187596.2,1187596.2,-0.83%,-12300.73,1175295.47,正常平仓
氐宿,星宿,2022-01-15 00:00:00+08:00,2022-01-15 23:55:00+08:00,43109.0,43401.21,多,1187596.2,950076.96,0.68%,4436.14,1192032.33,正常平仓
尾宿,星宿,2022-01-18 00:00:00+00:00,2022-01-18 23:55:00+00:00,42201.63,42352.12,多,1192032.33,953625.87,0.36%,1393.85,1193426.18,正常平仓
闭,建星,2022-01-25 00:00:00+08:00,2022-01-25 04:50:00+08:00,34237.31,37196.6,多,1193426.18,1193426.18,8.64%,100493.75,1293919.93,止盈平仓
毕宿,星宿,2022-01-31 00:00:00+08:00,2022-01-31 23:55:00+08:00,37977.47,37722.91,多,1293919.93,1682095.91,-0.67%,-14788.78,1279131.16,正常平仓
参宿,星宿,2022-02-02 00:00:00+08:00,2022-02-02 23:55:00+08:00,38630.32,37429.78,多,1293919.93,1035135.94,-3.11%,-34294.13,1259625.8,正常平仓
闭,建星,2022-02-07 00:00:00+08:00,2022-02-07 23:55:00+08:00,41519.48,43835.59,多,1293919.93,1293919.93,5.58%,69355.5,1363275.43,正常平仓
轸宿,星宿,2022-02-09 00:00:00+00:00,2022-02-09 23:55:00+00:00,44043.0,44372.72,多,1363275.43,2044913.14,0.75%,10993.65,1374269.08,正常平仓
氐宿,星宿,2022-02-12 00:00:00+08:00,2022-02-12 23:55:00+08:00,43669.02,42123.93,多,1374269.08,1099415.27,-3.54%,-41148.69,1333120.39,正常平仓
尾宿,星宿,2022-02-15 00:00:00+00:00,2022-02-15 23:55:00+00:00,42535.94,44544.86,多,1374269.08,1099415.27,4.72%,49538.52,1423807.6,正常平仓
闭,建星,2022-02-19 00:00:00+08:00,2022-02-19 23:55:00+08:00,39832.02,39969.93,多,1423807.6,1423807.6,0.35%,1933.67,1425741.27,正常平仓
毕宿,星宿,2022-02-28 00:00:00+08:00,2022-02-28 23:55:00+08:00,39357.03,40824.96,多,1425741.27,1853463.66,3.73%,65136.04,1490877.31,正常平仓
参宿,星宿,2022-03-02 00:00:00+08:00,2022-03-02 23:55:00+08:00,43643.69,44126.52,多,1490877.31,1192701.85,1.11%,10671.6,1501548.91,正常平仓
闭,建星,2022-03-03 00:00:00+08:00,2022-03-03 23:55:00+08:00,44126.51,42547.34,多,1501548.91,1501548.91,-3.58%,-56807.63,1444741.28,正常平仓
轸宿,星宿,2022-03-09 00:00:00+00:00,2022-03-09 23:55:00+00:00,38730.63,41941.71,多,1501548.91,2252323.37,8.29%,181728.13,1683277.05,正常平仓
氐宿,星宿,2022-03-12 00:00:00+08:00,2022-03-12 23:55:00+08:00,39080.26,39042.04,多,1683277.05,1346621.64,-0.10%,-4141.56,1679135.48,正常平仓
尾宿,星宿,2022-03-15 00:00:00+00:00,2022-03-15 23:55:00+00:00,39671.37,39280.33,多,1683277.05,1346621.64,-0.99%,-16080.29,1667196.76,正常平仓
闭,建星,2022-03-16 00:00:00+08:00,2022-03-16 23:55:00+08:00,39017.11,40611.67,多,1683277.05,1683277.05,4.09%,65156.22,1748433.27,正常平仓
毕宿,星宿,2022-03-28 00:00:00+08:00,2022-03-28 23:55:00+08:00,44857.53,47422.51,多,1748433.27,2272963.25,5.72%,125003.6,1873436.87,正常平仓
闭,建星,2022-03-28 00:00:00+08:00,2022-03-28 23:55:00+08:00,44857.53,47422.51,多,1873436.87,1873436.87,5.72%,103031.3,1976468.17,正常平仓
参宿,星宿,2022-03-30 00:00:00+08:00,2022-03-30 23:55:00+08:00,47440.0,47160.81,多,1976468.17,1581174.54,-0.59%,-12610.34,1963857.84,正常平仓
轸宿,星宿,2022-04-06 00:00:00+00:00,2022-04-06 23:55:00+00:00,45497.54,43170.47,多,1976468.17,2964702.26,-5.11%,-157631.71,1818836.46,正常平仓
氐宿,星宿,2022-04-09 00:00:00+08:00,2022-04-09 23:55:00+08:00,43648.01,42260.77,多,1976468.17,1581174.54,-3.18%,-53497.13,1922971.04,正常平仓
闭,建星,2022-04-10 00:00:00+08:00,2022-04-10 23:55:00+08:00,42253.02,42747.47,多,1976468.17,1976468.17,1.17%,18945.59,1995413.77,正常平仓
尾宿,星宿,2022-04-12 00:00:00+00:00,2022-04-12 23:55:00+00:00,39530.45,40074.94,多,1995413.77,1596331.01,1.38%,18604.11,2014017.87,正常平仓
闭,建星,2022-04-22 00:00:00+08:00,2022-04-22 23:55:00+08:00,42135.34,39433.6,多,2014017.87,2014017.87,-6.41%,-133173.72,1880844.15,正常平仓
毕宿,星宿,2022-04-25 00:00:00+08:00,2022-04-25 23:55:00+08:00,39656.49,38976.76,多,2014017.87,2618223.24,-1.71%,-50305.9,1963711.97,正常平仓
参宿,星宿,2022-04-27 00:00:00+08:00,2022-04-27 23:55:00+08:00,38563.94,39005.76,多,2014017.87,1611214.3,1.15%,15049.78,2029067.65,正常平仓
闭,建星,2022-05-04 00:00:00+08:00,2022-05-04 23:55:00+08:00,38326.37,38973.2,多,2029067.65,2029067.65,1.69%,29934.01,2059001.66,正常平仓
轸宿,星宿,2022-05-04 00:00:00+00:00,2022-05-04 23:55:00+00:00,37728.95,39690.0,多,2059001.66,3088502.49,5.20%,153808.7,2212810.36,正常平仓
氐宿,星宿,2022-05-07 00:00:00+08:00,2022-05-07 23:55:00+08:00,36004.33,35962.47,多,2212810.36,1770248.29,-0.12%,-5770.82,2207039.53,正常平仓
尾宿,星宿,2022-05-10 00:00:00+00:00,2022-05-10 05:40:00+00:00,30074.23,31735.51,多,2212810.36,1770248.29,5.52%,93924.98,2306735.33,止盈平仓
闭,建星,2022-05-17 00:00:00+08:00,2022-05-17 23:55:00+08:00,29676.56,30153.74,多,2306735.33,2306735.33,1.61%,32193.38,2338928.72,正常平仓
毕宿,星宿,2022-05-23 00:00:00+08:00,2022-05-23 23:55:00+08:00,29844.01,30373.53,多,2338928.72,3040607.33,1.77%,47486.16,2386414.88,正常平仓
参宿,星宿,2022-05-25 00:00:00+08:00,2022-05-25 23:55:00+08:00,29382.32,29629.36,多,2386414.88,1909131.9,0.84%,12020.23,2398435.1,正常平仓
闭,建星,2022-05-29 00:00:00+08:00,2022-05-29 23:55:00+08:00,28988.2,29215.98,多,2398435.1,2398435.1,0.79%,13783.57,2412218.67,正常平仓
轸宿,星宿,2022-06-01 00:00:00+00:00,2022-06-01 23:55:00+00:00,31801.05,29805.83,多,2412218.67,3618328.01,-6.27%,-234270.99,2177947.68,正常平仓
氐宿,星宿,2022-06-04 00:00:00+08:00,2022-06-04 23:55:00+08:00,29506.25,29858.8,多,2412218.67,1929774.94,1.19%,18972.4,2431191.07,正常平仓
尾宿,星宿,2022-06-07 00:00:00+00:00,2022-06-07 23:55:00+00:00,31373.1,31125.33,多,2431191.07,1944952.86,-0.79%,-19419.76,2411771.31,正常平仓
闭,建星,2022-06-11 00:00:00+08:00,2022-06-11 23:55:00+08:00,29454.52,28405.54,多,2431191.07,2431191.07,-3.56%,-91556.63,2339634.44,正常平仓
毕宿,星宿,2022-06-20 00:00:00+08:00,2022-06-20 23:55:00+08:00,19824.96,20824.74,多,2431191.07,3160548.39,5.04%,152514.7,2583705.77,正常平仓
参宿,星宿,2022-06-22 00:00:00+08:00,2022-06-22 23:55:00+08:00,21392.18,20080.1,多,2583705.77,2066964.61,-6.13%,-130924.89,2452780.88,正常平仓
闭,建星,2022-06-23 00:00:00+08:00,2022-06-23 23:55:00+08:00,20080.85,20351.91,多,2583705.77,2583705.77,1.35%,29400.5,2613106.27,正常平仓
轸宿,星宿,2022-06-29 00:00:00+00:00,2022-06-29 23:55:00+00:00,20281.28,20123.01,多,2613106.27,3919659.4,-0.78%,-38769.55,2574336.72,正常平仓
氐宿,星宿,2022-07-02 00:00:00+08:00,2022-07-02 23:55:00+08:00,19290.95,19229.39,多,2613106.27,2090485.01,-0.32%,-11048.95,2602057.32,正常平仓
闭,建星,2022-07-05 00:00:00+08:00,2022-07-05 23:55:00+08:00,19801.48,19519.98,多,2613106.27,2613106.27,-1.42%,-42577.43,2570528.84,正常平仓
尾宿,星宿,2022-07-05 00:00:00+00:00,2022-07-05 23:55:00+00:00,20236.71,20175.83,多,2613106.27,2090485.01,-0.30%,-10667.5,2602438.76,正常平仓
毕宿,星宿,2022-07-18 00:00:00+08:00,2022-07-18 23:55:00+08:00,21170.09,22675.83,多,2613106.27,3397038.15,7.11%,234124.55,2847230.82,正常平仓
闭,建星,2022-07-18 00:00:00+08:00,2022-07-18 23:55:00+08:00,21170.09,22675.83,多,2847230.82,2847230.82,7.11%,196231.72,3043462.54,正常平仓
参宿,星宿,2022-07-20 00:00:00+08:00,2022-07-20 23:55:00+08:00,23128.31,24172.63,多,3043462.54,2434770.03,4.52%,104662.57,3148125.11,正常平仓
轸宿,星宿,2022-07-27 00:00:00+00:00,2022-07-27 23:55:00+00:00,21254.67,22952.45,多,3148125.11,4722187.67,7.99%,366721.49,3514846.61,正常平仓
氐宿,星宿,2022-07-30 00:00:00+08:00,2022-07-30 23:55:00+08:00,24012.76,24529.1,多,3514846.61,2811877.29,2.15%,54470.28,3569316.89,正常平仓
闭,建星,2022-07-30 00:00:00+08:00,2022-07-30 23:55:00+08:00,24012.76,24529.1,多,3569316.89,3569316.89,2.15%,69143.03,3638459.92,正常平仓
尾宿,星宿,2022-08-02 00:00:00+00:00,2022-08-02 23:55:00+00:00,23266.9,22987.79,多,3638459.92,2910767.94,-1.20%,-40974.97,3597484.95,正常平仓
闭,建星,2022-08-12 00:00:00+08:00,2022-08-12 23:55:00+08:00,24343.68,23980.66,多,3638459.92,3638459.92,-1.49%,-61813.56,3576646.36,正常平仓
毕宿,星宿,2022-08-15 00:00:00+08:00,2022-08-15 23:55:00+08:00,24525.51,24226.0,多,3638459.92,4729997.89,-1.22%,-67605.28,3570854.64,正常平仓
参宿,星宿,2022-08-17 00:00:00+08:00,2022-08-17 23:55:00+08:00,23901.0,23391.9,多,3638459.92,2910767.94,-2.13%,-68017.18,3570442.74,正常平仓
闭,建星,2022-08-24 00:00:00+08:00,2022-08-24 23:55:00+08:00,21473.01,21618.45,多,3638459.92,3638459.92,0.68%,16969.78,3655429.7,正常平仓
轸宿,星宿,2022-08-24 00:00:00+00:00,2022-08-24 23:55:00+00:00,21529.11,21368.08,多,3655429.7,5483144.55,-0.75%,-52459.6,3602970.1,正常平仓
氐宿,星宿,2022-08-27 00:00:00+08:00,2022-08-27 23:55:00+08:00,20780.86,19977.36,多,3655429.7,2924343.76,-3.87%,-119039.59,3536390.11,正常平仓
尾宿,星宿,2022-08-30 00:00:00+00:00,2022-08-30 23:55:00+00:00,20287.2,19811.66,多,3655429.7,2924343.76,-2.34%,-74583.22,3580846.48,正常平仓
闭,建星,2022-09-05 00:00:00+08:00,2022-09-05 23:55:00+08:00,19790.84,19854.59,多,3655429.7,3655429.7,0.32%,4084.42,3659514.12,正常平仓
毕宿,星宿,2022-09-12 00:00:00+08:00,2022-09-12 23:55:00+08:00,21642.07,22114.5,多,3659514.12,4757368.36,2.18%,93708.36,3753222.48,正常平仓
参宿,星宿,2022-09-14 00:00:00+08:00,2022-09-14 23:55:00+08:00,20829.77,20178.79,多,3753222.48,3002577.98,-3.13%,-99999.47,3653223.01,正常平仓
闭,建星,2022-09-18 00:00:00+08:00,2022-09-18 23:55:00+08:00,19963.34,19814.63,多,3753222.48,3753222.48,-0.74%,-35794.44,3717428.04,正常平仓
轸宿,星宿,2022-09-21 00:00:00+00:00,2022-09-21 23:55:00+00:00,18874.31,18461.36,多,3753222.48,5629833.72,-2.19%,-134807.21,3618415.27,正常平仓
氐宿,星宿,2022-09-24 00:00:00+08:00,2022-09-24 23:55:00+08:00,18712.08,19124.14,多,3753222.48,3002577.98,2.20%,59718.45,3812940.93,正常平仓
尾宿,星宿,2022-09-27 00:00:00+00:00,2022-09-27 06:20:00+00:00,19226.68,20328.18,多,3812940.93,3050352.74,5.73%,168090.61,3981031.55,止盈平仓
闭,建星,2022-09-30 00:00:00+08:00,2022-09-30 23:55:00+08:00,19288.78,19756.01,多,3981031.55,3981031.55,2.42%,87931.35,4068962.9,正常平仓
毕宿,星宿,2022-10-10 00:00:00+08:00,2022-10-10 23:55:00+08:00,19535.77,19269.02,多,4068962.9,5289651.76,-1.37%,-83221.95,3985740.95,正常平仓
参宿,星宿,2022-10-12 00:00:00+08:00,2022-10-12 23:55:00+08:00,19147.6,19137.32,多,4068962.9,3255170.32,-0.05%,-8577.63,4060385.27,正常平仓
闭,建星,2022-10-13 00:00:00+08:00,2022-10-13 23:55:00+08:00,19137.36,18958.59,多,4068962.9,4068962.9,-0.93%,-46493.64,4022469.25,正常平仓
轸宿,星宿,2022-10-19 00:00:00+00:00,2022-10-19 23:55:00+00:00,19327.44,19123.97,多,4068962.9,6103444.34,-1.05%,-76968.94,3991993.95,正常平仓
氐宿,星宿,2022-10-22 00:00:00+08:00,2022-10-22 23:55:00+08:00,19168.44,19235.65,多,4068962.9,3255170.32,0.35%,4563.84,4073526.74,正常平仓
闭,建星,2022-10-25 00:00:00+08:00,2022-10-25 23:55:00+08:00,19301.96,19748.48,多,4073526.74,4073526.74,2.31%,85542.94,4159069.67,正常平仓
尾宿,星宿,2022-10-25 00:00:00+00:00,2022-10-25 19:30:00+00:00,19330.6,20267.48,多,4159069.67,3327255.74,4.85%,154033.68,4313103.35,止盈平仓
闭,建星,2022-11-06 00:00:00+08:00,2022-11-06 23:55:00+08:00,21299.22,21241.1,多,4313103.35,4313103.35,-0.27%,-20804.89,4292298.46,正常平仓
毕宿,星宿,2022-11-07 00:00:00+08:00,2022-11-07 23:55:00+08:00,21241.85,20764.95,多,4313103.35,5607034.36,-2.25%,-137463.79,4175639.56,正常平仓
参宿,星宿,2022-11-09 00:00:00+08:00,2022-11-09 03:30:00+08:00,19522.0,18158.02,多,4313103.35,3450482.68,-6.99%,-247962.5,4065140.86,止损平仓
轸宿,星宿,2022-11-16 00:00:00+00:00,2022-11-16 23:55:00+00:00,16900.57,16662.76,多,4313103.35,6469655.03,-1.41%,-104478.66,4208624.69,正常平仓
氐宿,星宿,2022-11-19 00:00:00+08:00,2022-11-19 23:55:00+08:00,16695.06,16655.65,多,4313103.35,3450482.68,-0.24%,-15375.49,4297727.86,正常平仓
闭,建星,2022-11-19 00:00:00+08:00,2022-11-19 23:55:00+08:00,16695.06,16655.65,多,4313103.35,4313103.35,-0.24%,-19219.36,4293883.99,正常平仓
尾宿,星宿,2022-11-22 00:00:00+00:00,2022-11-22 23:55:00+00:00,15781.29,16226.94,多,4313103.35,3450482.68,2.82%,90050.03,4403153.38,正常平仓
闭,建星,2022-12-01 00:00:00+08:00,2022-12-01 23:55:00+08:00,16865.64,16977.67,多,4403153.38,4403153.38,0.66%,19961.88,4423115.26,正常平仓
毕宿,星宿,2022-12-05 00:00:00+08:00,2022-12-05 23:55:00+08:00,17029.88,17083.92,多,4423115.26,5750049.83,0.32%,6149.61,4429264.87,正常平仓
参宿,星宿,2022-12-07 00:00:00+08:00,2022-12-07 23:55:00+08:00,16985.27,16837.48,多,4429264.87,3543411.9,-0.87%,-38222.88,4391041.99,正常平仓
闭,建星,2022-12-14 00:00:00+08:00,2022-12-14 23:55:00+08:00,17753.54,18061.83,多,4429264.87,4429264.87,1.74%,67501.81,4496766.68,正常平仓
轸宿,星宿,2022-12-14 00:00:00+00:00,2022-12-14 23:55:00+00:00,17775.82,17803.15,多,4496766.68,6745150.02,0.15%,-3803.07,4492963.6,正常平仓
氐宿,星宿,2022-12-17 00:00:00+08:00,2022-12-17 23:55:00+08:00,16972.33,16700.26,多,4496766.68,3597413.34,-1.60%,-65131.82,4431634.86,正常平仓
尾宿,星宿,2022-12-20 00:00:00+00:00,2022-12-20 23:55:00+00:00,16438.88,16895.56,多,4496766.68,3597413.34,2.78%,92237.1,4589003.77,正常平仓
闭,建星,2022-12-26 00:00:00+08:00,2022-12-26 23:55:00+08:00,16793.49,16809.51,多,4589003.77,4589003.77,0.10%,-5261.24,4583742.53,正常平仓
毕宿,星宿,2023-01-02 00:00:00+08:00,2023-01-02 23:55:00+08:00,16558.73,16734.66,多,4589003.77,5965704.9,1.06%,50766.24,4639770.01,正常平仓
参宿,星宿,2023-01-04 00:00:00+08:00,2023-01-04 23:55:00+08:00,16677.54,16854.05,多,4639770.01,3711816.01,1.06%,31434.74,4671204.75,正常平仓
闭,建星,2023-01-08 00:00:00+08:00,2023-01-08 23:55:00+08:00,16940.6,17000.43,多,4671204.75,4671204.75,0.35%,6667.95,4677872.7,正常平仓
轸宿,星宿,2023-01-11 00:00:00+00:00,2023-01-11 23:55:00+00:00,17440.64,17943.26,多,4677872.7,7016809.05,2.88%,187185.29,4865057.98,正常平仓
氐宿,星宿,2023-01-14 00:00:00+08:00,2023-01-14 23:55:00+08:00,19261.19,20786.74,多,4865057.98,3892046.39,7.92%,299631.46,5164689.45,正常平仓
尾宿,星宿,2023-01-17 00:00:00+00:00,2023-01-17 23:55:00+00:00,21185.65,21134.81,多,5164689.45,4131751.56,-0.24%,-18572.81,5146116.64,正常平仓
闭,建星,2023-01-20 00:00:00+08:00,2023-01-20 23:55:00+08:00,20876.44,21144.77,多,5164689.45,5164689.45,1.29%,55442.83,5220132.27,正常平仓
毕宿,星宿,2023-01-30 00:00:00+08:00,2023-01-30 23:55:00+08:00,23525.09,23178.51,多,5220132.27,6786171.95,-1.47%,-114070.61,5106061.66,正常平仓
参宿,星宿,2023-02-01 00:00:00+08:00,2023-02-01 23:55:00+08:00,23121.8,22979.73,多,5220132.27,4176105.82,-0.61%,-34386.92,5185745.35,正常平仓
闭,建星,2023-02-01 00:00:00+08:00,2023-02-01 23:55:00+08:00,23121.8,22979.73,多,5220132.27,5220132.27,-0.61%,-42983.65,5177148.62,正常平仓
轸宿,星宿,2023-02-08 00:00:00+00:00,2023-02-08 23:55:00+00:00,23242.42,22963.0,多,5220132.27,7830198.41,-1.20%,-110429.0,5109703.27,正常平仓
氐宿,星宿,2023-02-11 00:00:00+08:00,2023-02-11 23:55:00+08:00,21652.75,21735.78,多,5220132.27,4176105.82,0.38%,7224.11,5227356.38,正常平仓
闭,建星,2023-02-14 00:00:00+08:00,2023-02-14 23:55:00+08:00,21561.84,22041.45,多,5227356.38,5227356.38,2.22%,105127.99,5332484.38,正常平仓
尾宿,星宿,2023-02-14 00:00:00+00:00,2023-02-14 23:55:00+00:00,21774.63,22199.84,多,5332484.38,4265987.5,1.95%,74226.04,5406710.42,正常平仓
闭,建星,2023-02-26 00:00:00+08:00,2023-02-26 23:55:00+08:00,23006.18,23247.23,多,5406710.42,5406710.42,1.05%,45215.85,5451926.27,正常平仓
毕宿,星宿,2023-02-27 00:00:00+08:00,2023-02-27 23:55:00+08:00,23247.96,23559.4,多,5451926.27,7087504.15,1.34%,79928.35,5531854.62,正常平仓
参宿,星宿,2023-03-01 00:00:00+08:00,2023-03-01 23:55:00+08:00,23519.08,23711.09,多,5531854.62,4425483.7,0.82%,26786.44,5558641.06,正常平仓
轸宿,星宿,2023-03-08 00:00:00+00:00,2023-03-08 23:55:00+00:00,22198.56,21705.44,多,5558641.06,8337961.6,-2.22%,-202443.67,5356197.4,正常平仓
氐宿,星宿,2023-03-11 00:00:00+08:00,2023-03-11 23:55:00+08:00,20004.96,20061.98,多,5558641.06,4446912.85,0.29%,3321.93,5561963.0,正常平仓
闭,建星,2023-03-11 00:00:00+08:00,2023-03-11 23:55:00+08:00,20004.96,20061.98,多,5561963.0,5561963.0,0.29%,4154.9,5566117.89,正常平仓
尾宿,星宿,2023-03-14 00:00:00+00:00,2023-03-14 12:40:00+00:00,24112.27,25457.68,多,5566117.89,4452894.32,5.58%,238742.34,5804860.23,止盈平仓
闭,建星,2023-03-23 00:00:00+08:00,2023-03-23 23:55:00+08:00,28595.06,28580.87,多,5804860.23,5804860.23,-0.05%,-15060.69,5789799.54,正常平仓
毕宿,星宿,2023-03-27 00:00:00+08:00,2023-03-27 23:55:00+08:00,27803.89,26903.62,多,5804860.23,7546318.3,-3.24%,-259817.82,5545042.41,正常平仓
参宿,星宿,2023-03-29 00:00:00+08:00,2023-03-29 23:55:00+08:00,26998.63,28442.79,多,5804860.23,4643888.18,5.35%,238282.26,6043142.5,正常平仓
闭,建星,2023-04-04 00:00:00+08:00,2023-04-04 23:55:00+08:00,28051.48,28030.04,多,6043142.5,6043142.5,-0.08%,-17296.46,6025846.03,正常平仓
轸宿,星宿,2023-04-05 00:00:00+00:00,2023-04-05 23:55:00+00:00,28165.47,28170.01,多,6043142.5,9064713.74,0.02%,-17567.89,6025574.61,正常平仓
氐宿,星宿,2023-04-08 00:00:00+08:00,2023-04-08 23:55:00+08:00,27944.09,28014.7,多,6043142.5,4834514.0,0.25%,2050.04,6045192.54,正常平仓
尾宿,星宿,2023-04-11 00:00:00+00:00,2023-04-11 23:55:00+00:00,29637.35,30200.42,多,6045192.54,4836154.03,1.90%,81591.64,6126784.18,正常平仓
闭,建星,2023-04-17 00:00:00+08:00,2023-04-17 23:55:00+08:00,30332.98,29358.31,多,6126784.18,6126784.18,-3.21%,-209433.01,5917351.17,正常平仓
毕宿,星宿,2023-04-24 00:00:00+08:00,2023-04-24 23:55:00+08:00,27474.47,27267.05,多,6126784.18,7964819.43,-0.75%,-76758.86,6050025.32,正常平仓
参宿,星宿,2023-04-26 00:00:00+08:00,2023-04-26 23:55:00+08:00,27345.0,29820.03,多,6126784.18,4901427.34,9.05%,432681.19,6559465.36,正常平仓
闭,建星,2023-04-29 00:00:00+08:00,2023-04-29 23:55:00+08:00,29146.88,29271.21,多,6559465.36,6559465.36,0.43%,14170.03,6573635.39,正常平仓
轸宿,星宿,2023-05-03 00:00:00+00:00,2023-05-03 23:55:00+00:00,28669.85,29026.16,多,6573635.39,9860453.09,1.24%,101665.3,6675300.69,正常平仓
氐宿,星宿,2023-05-06 00:00:00+08:00,2023-05-06 23:55:00+08:00,29356.44,28576.61,多,6675300.69,5340240.55,-2.66%,-152855.68,6522445.02,正常平仓
尾宿,星宿,2023-05-09 00:00:00+00:00,2023-05-09 23:55:00+00:00,27668.8,27628.27,多,6675300.69,5340240.55,-0.15%,-19019.97,6656280.72,正常平仓
闭,建星,2023-05-12 00:00:00+08:00,2023-05-12 23:55:00+08:00,27179.43,26320.84,多,6675300.69,6675300.69,-3.16%,-224566.1,6450734.59,正常平仓
毕宿,星宿,2023-05-22 00:00:00+08:00,2023-05-22 23:55:00+08:00,26898.97,26877.18,多,6675300.69,8677890.9,-0.08%,-25234.04,6650066.65,正常平仓
参宿,星宿,2023-05-24 00:00:00+08:00,2023-05-24 23:55:00+08:00,27320.04,26314.69,多,6675300.69,5340240.55,-3.68%,-207430.07,6467870.62,正常平仓
闭,建星,2023-05-24 00:00:00+08:00,2023-05-24 23:55:00+08:00,27320.04,26314.69,多,6675300.69,6675300.69,-3.68%,-259287.59,6416013.1,正常平仓
轸宿,星宿,2023-05-31 00:00:00+00:00,2023-05-31 23:55:00+00:00,27694.39,27210.35,多,6675300.69,10012951.04,-1.75%,-195760.29,6479540.4,正常平仓
氐宿,星宿,2023-06-03 00:00:00+08:00,2023-06-03 23:55:00+08:00,27095.93,27305.26,多,6675300.69,5340240.55,0.77%,29985.1,6705285.79,正常平仓
闭,建星,2023-06-05 00:00:00+08:00,2023-06-05 23:55:00+08:00,27179.0,26007.53,多,6705285.79,6705285.79,-4.31%,-302652.58,6402633.21,正常平仓
尾宿,星宿,2023-06-06 00:00:00+00:00,2023-06-06 19:50:00+00:00,25728.2,27161.82,多,6705285.79,5364228.63,5.57%,287196.56,6992482.35,止盈平仓
闭,建星,2023-06-18 00:00:00+08:00,2023-06-18 23:55:00+08:00,26410.82,26562.09,多,6992482.35,6992482.35,0.57%,25312.72,7017795.07,正常平仓
毕宿,星宿,2023-06-19 00:00:00+08:00,2023-06-19 23:55:00+08:00,26562.09,26444.0,多,7017795.07,9123133.59,-0.44%,-59648.38,6958146.69,正常平仓
参宿,星宿,2023-06-21 00:00:00+08:00,2023-06-21 23:55:00+08:00,27071.94,29851.58,多,7017795.07,5614236.06,10.27%,563799.23,7581594.3,正常平仓
轸宿,星宿,2023-06-28 00:00:00+00:00,2023-06-28 23:55:00+00:00,30692.44,30077.41,多,7581594.3,11372391.45,-2.00%,-251414.55,7330179.75,正常平仓
闭,建星,2023-06-30 00:00:00+08:00,2023-06-30 23:55:00+08:00,30478.79,30067.72,多,7581594.3,7581594.3,-1.35%,-118014.09,7463580.21,正常平仓
氐宿,星宿,2023-07-01 00:00:00+08:00,2023-07-01 23:55:00+08:00,30067.72,30572.58,多,7581594.3,6065275.44,1.68%,88956.94,7670551.24,正常平仓
尾宿,星宿,2023-07-04 00:00:00+00:00,2023-07-04 23:55:00+00:00,31156.2,30766.51,多,7670551.24,6136440.99,-1.25%,-89517.63,7581033.6,正常平仓
闭,建星,2023-07-13 00:00:00+08:00,2023-07-13 23:55:00+08:00,30524.63,30917.48,多,7670551.24,7670551.24,1.29%,82471.02,7753022.26,正常平仓
毕宿,星宿,2023-07-17 00:00:00+08:00,2023-07-17 23:55:00+08:00,30379.96,30174.83,多,7753022.26,10078928.94,-0.68%,-89108.09,7663914.17,正常平仓
参宿,星宿,2023-07-19 00:00:00+08:00,2023-07-19 23:55:00+08:00,29912.01,29956.46,多,7753022.26,6202417.81,0.15%,-3815.75,7749206.51,正常平仓
闭,建星,2023-07-25 00:00:00+08:00,2023-07-25 23:55:00+08:00,29093.78,29181.51,多,7753022.26,7753022.26,0.30%,7069.99,7760092.24,正常平仓
轸宿,星宿,2023-07-26 00:00:00+00:00,2023-07-26 23:55:00+00:00,29228.91,29351.96,多,7760092.24,11640138.37,0.42%,24497.39,7784589.64,正常平仓
氐宿,星宿,2023-07-29 00:00:00+08:00,2023-07-29 23:55:00+08:00,29387.99,29292.34,多,7784589.64,6227671.71,-0.33%,-33310.9,7751278.74,正常平仓
尾宿,星宿,2023-08-01 00:00:00+00:00,2023-08-01 23:55:00+00:00,29232.26,29705.99,多,7784589.64,6227671.71,1.62%,87700.77,7872290.41,正常平仓
闭,建星,2023-08-06 00:00:00+08:00,2023-08-06 23:55:00+08:00,29041.49,29012.93,多,7872290.41,7872290.41,-0.10%,-24254.11,7848036.3,正常平仓
毕宿,星宿,2023-08-14 00:00:00+08:00,2023-08-14 23:55:00+08:00,29374.19,29599.99,多,7872290.41,10233977.53,0.77%,57069.75,7929360.15,正常平仓
参宿,星宿,2023-08-16 00:00:00+08:00,2023-08-16 23:55:00+08:00,29332.67,29106.55,多,7929360.15,6343488.12,-0.77%,-62142.43,7867217.72,正常平仓
闭,建星,2023-08-19 00:00:00+08:00,2023-08-19 23:55:00+08:00,26001.99,26216.01,多,7929360.15,7929360.15,0.82%,48524.27,7977884.43,正常平仓
轸宿,星宿,2023-08-23 00:00:00+00:00,2023-08-23 23:55:00+00:00,26055.99,26432.72,多,7977884.43,11966826.64,1.45%,147644.38,8125528.81,正常平仓
氐宿,星宿,2023-08-26 00:00:00+08:00,2023-08-26 23:55:00+08:00,25932.01,26054.0,多,8125528.81,6500423.05,0.47%,16889.22,8142418.03,正常平仓
尾宿,星宿,2023-08-29 00:00:00+00:00,2023-08-29 14:40:00+00:00,26120.0,27547.95,多,8142418.03,6513934.42,5.47%,341902.65,8484320.69,止盈平仓
闭,建星,2023-08-31 00:00:00+08:00,2023-08-31 23:55:00+08:00,27201.63,26922.01,多,8484320.69,8484320.69,-1.03%,-104892.7,8379427.99,正常平仓
毕宿,星宿,2023-09-11 00:00:00+08:00,2023-09-11 23:55:00+08:00,25775.02,25115.97,多,8484320.69,11029616.89,-2.56%,-304748.34,8179572.34,正常平仓
参宿,星宿,2023-09-13 00:00:00+08:00,2023-09-13 23:55:00+08:00,26205.98,26241.31,多,8484320.69,6787456.55,0.13%,-5109.98,8479210.71,正常平仓
闭,建星,2023-09-13 00:00:00+08:00,2023-09-13 23:55:00+08:00,26205.98,26241.31,多,8484320.69,8484320.69,0.13%,-6387.47,8477933.21,正常平仓
轸宿,星宿,2023-09-20 00:00:00+00:00,2023-09-20 23:55:00+00:00,27210.25,27125.0,多,8484320.69,12726481.03,-0.31%,-66525.32,8417795.36,正常平仓
氐宿,星宿,2023-09-23 00:00:00+08:00,2023-09-23 23:55:00+08:00,26631.01,26581.55,多,8484320.69,6787456.55,-0.19%,-26833.87,8457486.82,正常平仓
闭,建星,2023-09-25 00:00:00+08:00,2023-09-25 23:55:00+08:00,26578.06,26243.72,多,8484320.69,8484320.69,-1.26%,-124377.53,8359943.15,正常平仓
尾宿,星宿,2023-09-26 00:00:00+00:00,2023-09-26 23:55:00+00:00,26304.8,26221.67,多,8484320.69,6787456.55,-0.32%,-35664.85,8448655.84,正常平仓
闭,建星,2023-10-07 00:00:00+08:00,2023-10-07 23:55:00+08:00,27941.12,27939.8,多,8484320.69,8484320.69,-0.00%,-18208.81,8466111.87,正常平仓
毕宿,星宿,2023-10-09 00:00:00+08:00,2023-10-09 23:55:00+08:00,27892.74,27443.31,多,8484320.69,11029616.89,-1.61%,-200602.73,8283717.96,正常平仓
参宿,星宿,2023-10-11 00:00:00+08:00,2023-10-11 23:55:00+08:00,27408.01,26779.46,多,8484320.69,6787456.55,-2.29%,-169670.81,8314649.88,正常平仓
轸宿,星宿,2023-10-18 00:00:00+00:00,2023-10-18 23:55:00+00:00,28395.91,28320.0,多,8484320.69,12726481.03,-0.27%,-60683.24,8423637.44,正常平仓
闭,建星,2023-10-20 00:00:00+08:00,2023-10-20 23:55:00+08:00,28680.09,29550.98,多,8484320.69,8484320.69,3.04%,239437.25,8723757.94,正常平仓
氐宿,星宿,2023-10-21 00:00:00+08:00,2023-10-21 23:55:00+08:00,29550.98,29937.36,多,8723757.94,6979006.35,1.31%,76465.01,8800222.95,正常平仓
尾宿,星宿,2023-10-24 00:00:00+00:00,2023-10-24 02:20:00+00:00,33069.99,34945.03,多,8800222.95,7040178.36,5.67%,383796.36,9184019.31,止盈平仓
闭,建星,2023-11-01 00:00:00+08:00,2023-11-01 23:55:00+08:00,34272.19,34291.94,多,9184019.31,9184019.31,0.06%,-13992.73,9170026.58,正常平仓
毕宿,星宿,2023-11-06 00:00:00+08:00,2023-11-06 23:55:00+08:00,34882.92,35080.95,多,9184019.31,11939225.1,0.57%,42616.83,9226636.13,正常平仓
参宿,星宿,2023-11-08 00:00:00+08:00,2023-11-08 23:55:00+08:00,34721.23,35225.68,多,9226636.13,7381308.91,1.45%,91585.78,9318221.91,正常平仓
闭,建星,2023-11-14 00:00:00+08:00,2023-11-14 23:55:00+08:00,36841.9,36147.09,多,9318221.91,9318221.91,-1.89%,-195030.05,9123191.86,正常平仓
轸宿,星宿,2023-11-15 00:00:00+00:00,2023-11-15 23:55:00+00:00,35551.2,37858.2,多,9318221.91,13977332.87,6.49%,876323.56,10194545.47,正常平仓
氐宿,星宿,2023-11-18 00:00:00+08:00,2023-11-18 23:55:00+08:00,36044.79,36664.16,多,10194545.47,8155636.38,1.72%,122812.34,10317357.82,正常平仓
尾宿,星宿,2023-11-21 00:00:00+00:00,2023-11-21 23:55:00+00:00,37448.79,35741.65,多,10317357.82,8253886.25,-4.56%,-393022.43,9924335.38,正常平仓
闭,建星,2023-11-26 00:00:00+08:00,2023-11-26 23:55:00+08:00,37704.38,37437.11,多,10317357.82,10317357.82,-0.71%,-94681.79,10222676.03,正常平仓
毕宿,星宿,2023-12-04 00:00:00+08:00,2023-12-04 23:55:00+08:00,39760.42,41270.33,多,10317357.82,13412565.16,3.80%,480428.39,10797786.21,正常平仓
参宿,星宿,2023-12-06 00:00:00+08:00,2023-12-06 23:55:00+08:00,42268.28,43785.2,多,10797786.21,8638228.97,3.59%,291411.59,11089197.79,正常平仓
闭,建星,2023-12-09 00:00:00+08:00,2023-12-09 23:55:00+08:00,43760.94,44045.1,多,11089197.79,11089197.79,0.65%,48623.11,11137820.91,正常平仓
轸宿,星宿,2023-12-13 00:00:00+00:00,2023-12-13 23:55:00+00:00,41492.38,42869.03,多,11137820.91,16706731.36,3.32%,518403.96,11656224.87,正常平仓
氐宿,星宿,2023-12-16 00:00:00+08:00,2023-12-16 23:55:00+08:00,41909.56,42604.0,多,11656224.87,9324979.9,1.66%,134709.85,11790934.72,正常平仓
尾宿,星宿,2023-12-19 00:00:00+00:00,2023-12-19 23:55:00+00:00,42657.8,42275.99,多,11790934.72,9432747.78,-0.90%,-104100.89,11686833.83,正常平仓
闭,建星,2023-12-21 00:00:00+08:00,2023-12-21 23:55:00+08:00,44027.2,43823.99,多,11790934.72,11790934.72,-0.46%,-79089.32,11711845.4,正常平仓
毕宿,星宿,2024-01-01 00:00:00+08:00,2024-01-01 23:55:00+08:00,42457.17,42783.05,多,11790934.72,15328215.14,0.77%,85301.42,11876236.14,正常平仓
闭,建星,2024-01-02 00:00:00+08:00,2024-01-02 23:55:00+08:00,42783.05,45184.82,多,11876236.14,11876236.14,5.61%,640784.72,12517020.86,正常平仓
参宿,星宿,2024-01-03 00:00:00+08:00,2024-01-03 23:55:00+08:00,45184.83,43000.01,多,12517020.86,10013616.69,-4.84%,-504480.73,12012540.13,正常平仓
轸宿,星宿,2024-01-10 00:00:00+00:00,2024-01-10 23:55:00+00:00,46110.0,46653.99,多,12517020.86,18775531.29,1.18%,181765.4,12698786.27,正常平仓
氐宿,星宿,2024-01-13 00:00:00+08:00,2024-01-13 23:55:00+08:00,44462.0,43154.48,多,12698786.27,10159029.01,-2.94%,-319628.48,12379157.79,正常平仓
闭,建星,2024-01-15 00:00:00+08:00,2024-01-15 23:55:00+08:00,42904.39,42278.99,多,12698786.27,12698786.27,-1.46%,-211482.38,12487303.89,正常平仓
尾宿,星宿,2024-01-16 00:00:00+00:00,2024-01-16 23:55:00+00:00,42511.1,43137.95,多,12698786.27,10159029.01,1.47%,128252.22,12827038.48,正常平仓
闭,建星,2024-01-27 00:00:00+08:00,2024-01-27 23:55:00+08:00,41422.98,41814.0,多,12827038.48,12827038.48,0.94%,93977.77,12921016.26,正常平仓
毕宿,星宿,2024-01-29 00:00:00+08:00,2024-01-29 23:55:00+08:00,42258.0,42641.75,多,12921016.26,16797321.14,0.91%,117052.26,13038068.52,正常平仓
参宿,星宿,2024-01-31 00:00:00+08:00,2024-01-31 23:55:00+08:00,43375.5,43361.1,多,13038068.52,10430454.82,-0.03%,-25351.09,13012717.43,正常平仓
轸宿,星宿,2024-02-07 00:00:00+00:00,2024-02-07 23:55:00+00:00,43098.96,44349.6,多,13038068.52,19557102.78,2.90%,525604.4,13563672.92,正常平仓
闭,建星,2024-02-09 00:00:00+08:00,2024-02-09 23:55:00+08:00,45432.3,47159.99,多,13563672.92,13563672.92,3.80%,486553.18,14050226.1,正常平仓
氐宿,星宿,2024-02-10 00:00:00+08:00,2024-02-10 23:55:00+08:00,47159.99,47353.48,多,14050226.1,11240180.88,0.41%,22454.41,14072680.51,正常平仓
尾宿,星宿,2024-02-13 00:00:00+00:00,2024-02-13 23:55:00+00:00,49917.28,49699.59,多,14072680.51,11258144.41,-0.44%,-72654.19,14000026.32,正常平仓
闭,建星,2024-02-21 00:00:00+08:00,2024-02-21 23:55:00+08:00,51679.99,51156.0,多,14072680.51,14072680.51,-1.01%,-172009.38,13900671.14,正常平仓
毕宿,星宿,2024-02-26 00:00:00+08:00,2024-02-26 23:55:00+08:00,51524.02,52842.32,多,14072680.51,18294484.67,2.56%,428983.17,14501663.69,正常平仓
参宿,星宿,2024-02-28 00:00:00+08:00,2024-02-28 23:55:00+08:00,56745.66,60966.22,多,14501663.69,11601330.95,7.44%,837225.11,15338888.79,正常平仓
闭,建星,2024-03-04 00:00:00+08:00,2024-03-04 23:55:00+08:00,62164.63,66451.65,多,15338888.79,15338888.79,6.90%,1024024.08,16362912.88,正常平仓
轸宿,星宿,2024-03-06 00:00:00+00:00,2024-03-06 23:55:00+00:00,63724.01,66074.04,多,16362912.88,24544369.32,3.69%,852277.93,17215190.81,正常平仓
氐宿,星宿,2024-03-09 00:00:00+08:00,2024-03-09 23:55:00+08:00,67617.6,68288.2,多,17215190.81,13772152.65,0.99%,107473.33,17322664.13,正常平仓
尾宿,星宿,2024-03-12 00:00:00+00:00,2024-03-12 23:55:00+00:00,72078.1,71452.01,多,17322664.13,13858131.31,-0.87%,-149283.28,17173380.85,正常平仓
闭,建星,2024-03-17 00:00:00+08:00,2024-03-17 23:55:00+08:00,68385.58,67965.5,多,17322664.13,17322664.13,-0.61%,-142610.7,17180053.43,正常平仓
毕宿,星宿,2024-03-25 00:00:00+08:00,2024-03-25 23:55:00+08:00,65673.36,69792.05,多,17322664.13,22519463.37,6.27%,1362917.67,18685581.81,正常平仓
参宿,星宿,2024-03-27 00:00:00+08:00,2024-03-27 23:55:00+08:00,70250.01,68874.0,多,18685581.81,14948465.45,-1.96%,-323738.43,18361843.38,正常平仓
闭,建星,2024-03-29 00:00:00+08:00,2024-03-29 23:55:00+08:00,71290.38,69180.0,多,18685581.81,18685581.81,-2.96%,-591533.53,18094048.27,正常平仓
轸宿,星宿,2024-04-03 00:00:00+00:00,2024-04-03 23:55:00+00:00,65463.99,65963.28,多,18685581.81,28028372.71,0.76%,154618.74,18840200.55,正常平仓
氐宿,星宿,2024-04-06 00:00:00+08:00,2024-04-06 23:55:00+08:00,68190.62,68104.0,多,18840200.55,15072160.44,-0.13%,-50753.38,18789447.17,正常平仓
尾宿,星宿,2024-04-09 00:00:00+00:00,2024-04-09 23:55:00+00:00,71620.0,69146.0,多,18840200.55,15072160.44,-3.45%,-551500.05,18288700.5,正常平仓
闭,建星,2024-04-11 00:00:00+08:00,2024-04-11 23:55:00+08:00,68657.31,70000.0,多,18840200.55,18840200.55,1.96%,328348.66,19168549.2,正常平仓
毕宿,星宿,2024-04-22 00:00:00+08:00,2024-04-22 23:55:00+08:00,65043.7,65994.38,多,19168549.2,24919113.96,1.46%,311367.06,19479916.27,正常平仓
闭,建星,2024-04-23 00:00:00+08:00,2024-04-23 23:55:00+08:00,65994.39,66419.56,多,19479916.27,19479916.27,0.64%,84423.22,19564339.49,正常平仓
参宿,星宿,2024-04-24 00:00:00+08:00,2024-04-24 23:55:00+08:00,66419.56,64610.11,多,19564339.49,15651471.59,-2.72%,-458602.07,19105737.41,正常平仓
轸宿,星宿,2024-05-01 00:00:00+00:00,2024-05-01 23:55:00+00:00,60672.01,58364.97,多,19564339.49,29346509.23,-3.80%,-1175820.25,18388519.24,正常平仓
氐宿,星宿,2024-05-04 00:00:00+08:00,2024-05-04 23:55:00+08:00,61690.74,63609.17,多,19564339.49,15651471.59,3.11%,453140.16,20017479.64,正常平仓
闭,建星,2024-05-06 00:00:00+08:00,2024-05-06 23:55:00+08:00,64428.64,63632.01,多,20017479.64,20017479.64,-1.24%,-289152.46,19728327.18,正常平仓
尾宿,星宿,2024-05-07 00:00:00+00:00,2024-05-07 23:55:00+00:00,63165.18,62312.08,多,20017479.64,16013983.71,-1.35%,-249571.75,19767907.89,正常平仓
闭,建星,2024-05-18 00:00:00+08:00,2024-05-18 23:55:00+08:00,67195.09,66823.63,多,20017479.64,20017479.64,-0.55%,-152509.1,19864970.54,正常平仓
毕宿,星宿,2024-05-20 00:00:00+08:00,2024-05-20 23:55:00+08:00,66889.88,67419.99,多,20017479.64,26022723.53,0.79%,151302.23,20168781.87,正常平仓
参宿,星宿,2024-05-22 00:00:00+08:00,2024-05-22 23:55:00+08:00,69827.0,70455.9,多,20168781.87,16135025.49,0.90%,111235.57,20280017.43,正常平仓
轸宿,星宿,2024-05-29 00:00:00+00:00,2024-05-29 23:55:00+00:00,68398.4,67652.42,多,20280017.43,30420026.15,-1.09%,-395127.16,19884890.28,正常平仓
闭,建星,2024-05-30 00:00:00+08:00,2024-05-30 23:55:00+08:00,67379.13,68530.76,多,20280017.43,20280017.43,1.71%,303534.46,20583551.9,正常平仓
氐宿,星宿,2024-06-01 00:00:00+08:00,2024-06-01 23:55:00+08:00,67215.58,67691.28,多,20583551.9,16466841.52,0.71%,81800.99,20665352.89,正常平仓
尾宿,星宿,2024-06-04 00:00:00+00:00,2024-06-04 23:55:00+00:00,68809.89,70537.84,多,20665352.89,16532282.31,2.51%,379834.13,21045187.02,正常平仓
闭,建星,2024-06-12 00:00:00+08:00,2024-06-12 23:55:00+08:00,66244.48,69734.0,多,21045187.02,21045187.02,5.27%,1062748.83,22107935.86,正常平仓
毕宿,星宿,2024-06-17 00:00:00+08:00,2024-06-17 23:55:00+08:00,66712.8,65368.0,多,22107935.86,28740316.61,-2.02%,-638806.25,21469129.6,正常平仓
参宿,星宿,2024-06-19 00:00:00+08:00,2024-06-19 23:55:00+08:00,64705.99,64922.0,多,22107935.86,17686348.69,0.33%,21830.72,22129766.58,正常平仓
闭,建星,2024-06-24 00:00:00+08:00,2024-06-24 23:55:00+08:00,64094.01,60843.99,多,22129766.58,22129766.58,-5.07%,-1166904.12,20962862.46,正常平仓
轸宿,星宿,2024-06-26 00:00:00+00:00,2024-06-26 23:55:00+00:00,61806.01,60864.99,多,22129766.58,33194649.87,-1.52%,-574319.15,21555447.43,正常平仓
氐宿,星宿,2024-06-29 00:00:00+08:00,2024-06-29 23:55:00+08:00,61062.0,61106.0,多,22129766.58,17703813.26,0.07%,-24422.44,22105344.14,正常平仓
尾宿,星宿,2024-07-02 00:00:00+00:00,2024-07-02 23:55:00+00:00,62900.0,62135.47,多,22129766.58,17703813.26,-1.22%,-252022.11,21877744.47,正常平仓
闭,建星,2024-07-07 00:00:00+08:00,2024-07-07 23:55:00+08:00,57317.99,56825.42,多,22129766.58,22129766.58,-0.86%,-236340.5,21893426.08,正常平仓
毕宿,星宿,2024-07-15 00:00:00+08:00,2024-07-15 23:55:00+08:00,60084.0,63026.0,多,22129766.58,28768696.55,4.90%,1346155.89,23475922.47,正常平仓
参宿,星宿,2024-07-17 00:00:00+08:00,2024-07-17 23:55:00+08:00,64878.24,64724.01,多,23475922.47,18780737.98,-0.24%,-83999.84,23391922.63,正常平仓
闭,建星,2024-07-19 00:00:00+08:00,2024-07-19 23:55:00+08:00,63538.12,65836.77,多,23475922.47,23475922.47,3.62%,798750.99,24274673.46,正常平仓
轸宿,星宿,2024-07-24 00:00:00+00:00,2024-07-24 23:55:00+00:00,65936.0,65376.0,多,24274673.46,36412010.19,-0.85%,-385215.53,23889457.93,正常平仓
氐宿,星宿,2024-07-27 00:00:00+08:00,2024-07-27 23:55:00+08:00,67560.0,68844.0,多,24274673.46,19419738.77,1.90%,327763.23,24602436.69,正常平仓
尾宿,星宿,2024-07-30 00:00:00+00:00,2024-07-30 23:55:00+00:00,66784.68,66188.0,多,24602436.69,19681949.35,-0.89%,-216894.93,24385541.76,正常平仓
闭,建星,2024-07-31 00:00:00+08:00,2024-07-31 23:55:00+08:00,66216.01,66379.99,多,24602436.69,24602436.69,0.25%,9194.61,24611631.3,正常平仓
毕宿,星宿,2024-08-12 00:00:00+08:00,2024-08-12 23:55:00+08:00,60127.29,60207.37,多,24611631.3,31995120.69,0.13%,-24609.23,24587022.07,正常平仓
闭,建星,2024-08-13 00:00:00+08:00,2024-08-13 23:55:00+08:00,60207.38,59472.26,多,24611631.3,24611631.3,-1.22%,-351712.44,24259918.86,正常平仓
参宿,星宿,2024-08-14 00:00:00+08:00,2024-08-14 23:55:00+08:00,59472.25,59435.69,多,24611631.3,19689305.04,-0.06%,-53413.53,24558217.77,正常平仓
轸宿,星宿,2024-08-21 00:00:00+00:00,2024-08-21 23:55:00+00:00,59013.8,61156.03,多,24611631.3,36917446.95,3.63%,1260622.92,25872254.22,正常平仓
氐宿,星宿,2024-08-24 00:00:00+08:00,2024-08-24 23:55:00+08:00,61533.04,63976.0,多,25872254.22,20697803.38,3.97%,777059.38,26649313.6,正常平仓
闭,建星,2024-08-25 00:00:00+08:00,2024-08-25 23:55:00+08:00,63976.0,64132.16,多,26649313.6,26649313.6,0.24%,9014.29,26658327.89,正常平仓
尾宿,星宿,2024-08-27 00:00:00+00:00,2024-08-27 23:55:00+00:00,62834.0,59415.0,多,26658327.89,21326662.31,-5.44%,-1203477.43,25454850.45,正常平仓
闭,建星,2024-09-06 00:00:00+08:00,2024-09-06 23:55:00+08:00,55976.01,54045.01,多,26658327.89,26658327.89,-3.45%,-974207.55,25684120.34,正常平仓
毕宿,星宿,2024-09-09 00:00:00+08:00,2024-09-09 23:55:00+08:00,53686.99,55386.0,多,26658327.89,34655826.25,3.16%,1022352.01,27680679.9,正常平仓
参宿,星宿,2024-09-11 00:00:00+08:00,2024-09-11 23:55:00+08:00,56596.01,56701.23,多,27680679.9,22144543.92,0.19%,-5373.28,27675306.62,正常平仓
轸宿,星宿,2024-09-18 00:00:00+00:00,2024-09-18 23:55:00+00:00,60313.99,61759.99,多,27680679.9,41521019.85,2.40%,906802.42,28587482.32,正常平仓
闭,建星,2024-09-19 00:00:00+08:00,2024-09-19 23:55:00+08:00,59429.19,63154.04,多,28587482.32,28587482.32,6.27%,1729089.81,30316572.13,正常平仓
氐宿,星宿,2024-09-21 00:00:00+08:00,2024-09-21 23:55:00+08:00,63153.99,63167.98,多,30316572.13,24253257.71,0.02%,-45543.02,30271029.11,正常平仓
尾宿,星宿,2024-09-24 00:00:00+00:00,2024-09-24 23:55:00+00:00,63339.99,64262.7,多,30316572.13,24253257.71,1.46%,301873.92,30618446.05,正常平仓
闭,建星,2024-10-01 00:00:00+08:00,2024-10-01 23:55:00+08:00,63561.42,62628.85,多,30618446.05,30618446.05,-1.47%,-512827.06,30105618.99,正常平仓
毕宿,星宿,2024-10-07 00:00:00+08:00,2024-10-07 23:55:00+08:00,62720.01,63651.6,多,30618446.05,39803979.86,1.49%,506779.86,31125225.91,正常平仓
参宿,星宿,2024-10-09 00:00:00+08:00,2024-10-09 23:55:00+08:00,62288.01,62316.0,多,31125225.91,24900180.73,0.04%,-41093.02,31084132.89,正常平仓
闭,建星,2024-10-14 00:00:00+08:00,2024-10-14 23:55:00+08:00,62229.32,65870.0,多,31125225.91,31125225.91,5.85%,1752896.67,32878122.58,正常平仓
轸宿,星宿,2024-10-16 00:00:00+00:00,2024-10-16 23:55:00+00:00,67074.14,67620.01,多,32878122.58,49317183.86,0.81%,297239.99,33175362.57,正常平仓
氐宿,星宿,2024-10-19 00:00:00+08:00,2024-10-19 23:55:00+08:00,68735.34,68226.93,多,33175362.57,26540290.06,-0.74%,-251722.57,32923640.0,正常平仓
尾宿,星宿,2024-10-22 00:00:00+00:00,2024-10-22 23:55:00+00:00,67377.5,67426.0,多,33175362.57,26540290.06,0.07%,-36632.36,33138730.21,正常平仓
闭,建星,2024-10-26 00:00:00+08:00,2024-10-26 23:55:00+08:00,67690.01,66886.49,多,33175362.57,33175362.57,-1.19%,-462855.73,32712506.84,正常平仓
毕宿,星宿,2024-11-04 00:00:00+08:00,2024-11-04 23:55:00+08:00,68090.91,68646.01,多,33175362.57,43127971.34,0.82%,260541.06,33435903.63,正常平仓
参宿,星宿,2024-11-06 00:00:00+08:00,2024-11-06 23:55:00+08:00,69640.0,74298.0,多,33435903.63,26748722.9,6.69%,1730310.23,35166213.85,正常平仓
闭,建星,2024-11-08 00:00:00+08:00,2024-11-08 23:55:00+08:00,76059.68,76427.72,多,35166213.85,35166213.85,0.48%,96094.42,35262308.27,正常平仓
轸宿,星宿,2024-11-13 00:00:00+00:00,2024-11-13 23:55:00+00:00,87952.0,90375.2,多,35262308.27,52893462.4,2.76%,1344080.62,36606388.89,正常平仓
氐宿,星宿,2024-11-16 00:00:00+08:00,2024-11-16 23:55:00+08:00,88445.4,90521.2,多,36606388.89,29285111.11,2.35%,624817.32,37231206.21,正常平仓
尾宿,星宿,2024-11-19 00:00:00+00:00,2024-11-19 23:55:00+00:00,90464.07,92310.79,多,37231206.21,29784964.97,2.04%,544595.73,37775801.95,正常平仓
闭,建星,2024-11-20 00:00:00+08:00,2024-11-20 23:55:00+08:00,92391.99,94739.97,多,37775801.95,37775801.95,2.54%,879275.12,38655077.07,正常平仓
毕宿,星宿,2024-12-02 00:00:00+08:00,2024-12-02 23:55:00+08:00,97028.02,97048.0,多,38655077.07,50251600.19,0.02%,-95145.84,38559931.23,正常平仓
闭,建星,2024-12-02 00:00:00+08:00,2024-12-02 23:55:00+08:00,97028.02,97048.0,多,38655077.07,38655077.07,0.02%,-73189.11,38581887.96,正常平仓
参宿,星宿,2024-12-04 00:00:00+08:00,2024-12-04 23:55:00+08:00,95682.54,95742.81,多,38655077.07,30924061.65,0.06%,-45459.89,38609617.17,正常平仓
轸宿,星宿,2024-12-11 00:00:00+00:00,2024-12-11 23:55:00+00:00,96593.0,101125.0,多,38655077.07,57982615.6,4.69%,2594674.64,41249751.71,正常平仓
氐宿,星宿,2024-12-14 00:00:00+08:00,2024-12-14 23:55:00+08:00,99873.16,101625.12,多,41249751.71,32999801.37,1.75%,508743.23,41758494.94,正常平仓
闭,建星,2024-12-15 00:00:00+08:00,2024-12-15 23:55:00+08:00,101625.12,102704.01,多,41758494.94,41758494.94,1.06%,355008.04,42113502.98,正常平仓
尾宿,星宿,2024-12-17 00:00:00+00:00,2024-12-17 23:55:00+00:00,106058.65,106133.74,多,42113502.98,33690802.38,0.07%,-46899.53,42066603.45,正常平仓
闭,建星,2024-12-27 00:00:00+08:00,2024-12-27 23:55:00+08:00,96042.89,94573.75,多,42113502.98,42113502.98,-1.53%,-731628.55,41381874.43,正常平仓
毕宿,星宿,2024-12-30 00:00:00+08:00,2024-12-30 23:55:00+08:00,94511.11,92130.21,多,42113502.98,54747553.87,-2.52%,-1492034.28,40621468.7,正常平仓
参宿,星宿,2025-01-01 00:00:00+08:00,2025-01-01 23:55:00+08:00,95412.0,94432.94,多,42113502.98,33690802.38,-1.03%,-415913.34,41697589.64,正常平仓
轸宿,星宿,2025-01-08 00:00:00+00:00,2025-01-08 23:55:00+00:00,96954.6,95060.61,多,42113502.98,63170254.47,-1.95%,-1364763.72,40748739.26,正常平仓
闭,建星,2025-01-09 00:00:00+08:00,2025-01-09 23:55:00+08:00,95493.77,94244.02,多,42113502.98,42113502.98,-1.31%,-638719.66,41474783.32,正常平仓
氐宿,星宿,2025-01-11 00:00:00+08:00,2025-01-11 23:55:00+08:00,93730.93,94410.26,多,42113502.98,33690802.38,0.72%,173096.48,42286599.46,正常平仓
尾宿,星宿,2025-01-14 00:00:00+00:00,2025-01-14 23:55:00+00:00,94536.11,96560.86,多,42286599.46,33829279.56,2.14%,652453.01,42939052.46,正常平仓
闭,建星,2025-01-21 00:00:00+08:00,2025-01-21 23:55:00+08:00,104957.99,103943.0,多,42939052.46,42939052.46,-0.97%,-504746.2,42434306.26,正常平仓
毕宿,星宿,2025-01-27 00:00:00+08:00,2025-01-27 23:55:00+08:00,104967.02,101112.03,多,42939052.46,55820768.2,-3.67%,-2164153.01,40774899.45,正常平仓
参宿,星宿,2025-01-29 00:00:00+08:00,2025-01-29 23:55:00+08:00,102777.99,101980.78,多,42939052.46,34351241.97,-0.78%,-338153.46,42600899.0,正常平仓
闭,建星,2025-02-02 00:00:00+08:00,2025-02-02 23:55:00+08:00,102073.89,99346.87,多,42939052.46,42939052.46,-2.67%,-1235575.09,41703477.38,正常平仓
轸宿,星宿,2025-02-05 00:00:00+00:00,2025-02-05 23:55:00+00:00,97763.14,96612.43,多,42939052.46,64408578.69,-1.18%,-892171.13,42046881.33,正常平仓
氐宿,星宿,2025-02-08 00:00:00+08:00,2025-02-08 23:55:00+08:00,98283.98,95843.74,多,42939052.46,34351241.97,-2.48%,-923713.28,42015339.18,正常平仓
尾宿,星宿,2025-02-11 00:00:00+00:00,2025-02-11 23:55:00+00:00,97430.82,95778.2,多,42939052.46,34351241.97,-1.70%,-653895.07,42285157.39,正常平仓
闭,建星,2025-02-15 00:00:00+08:00,2025-02-15 23:55:00+08:00,96924.57,97633.22,多,42939052.46,42939052.46,0.73%,223342.99,43162395.45,正常平仓
毕宿,星宿,2025-02-24 00:00:00+08:00,2025-02-24 23:55:00+08:00,95436.19,94323.95,多,43162395.45,56111114.09,-1.17%,-770731.6,42391663.86,正常平仓
参宿,星宿,2025-02-26 00:00:00+08:00,2025-02-26 23:55:00+08:00,87231.63,87567.53,多,43162395.45,34529916.36,0.39%,60285.6,43222681.05,正常平仓
闭,建星,2025-02-27 00:00:00+08:00,2025-02-27 23:55:00+08:00,87567.53,85500.84,多,43222681.05,43222681.05,-2.36%,-1109298.1,42113382.96,正常平仓
轸宿,星宿,2025-03-05 00:00:00+00:00,2025-03-05 23:55:00+00:00,87281.98,90606.01,多,43222681.05,64834021.58,3.81%,2329338.44,45552019.49,正常平仓
氐宿,星宿,2025-03-08 00:00:00+08:00,2025-03-08 23:55:00+08:00,88457.99,86400.0,多,45552019.49,36441615.59,-2.33%,-923040.4,44628979.1,正常平仓
尾宿,星宿,2025-03-11 00:00:00+00:00,2025-03-11 18:45:00+00:00,78595.86,83058.26,多,45552019.49,36441615.59,5.68%,1989435.94,47541455.44,止盈平仓
闭,建星,2025-03-12 00:00:00+08:00,2025-03-12 23:55:00+08:00,81232.23,81738.97,多,47541455.44,47541455.44,0.62%,196337.31,47737792.75,正常平仓
毕宿,星宿,2025-03-24 00:00:00+08:00,2025-03-24 23:55:00+08:00,85189.41,88350.01,多,47737792.75,62059130.57,3.71%,2168733.33,49906526.08,正常平仓
闭,建星,2025-03-24 00:00:00+08:00,2025-03-24 23:55:00+08:00,85189.41,88350.01,多,49906526.08,49906526.08,3.71%,1744045.48,51650571.56,正常平仓
参宿,星宿,2025-03-26 00:00:00+08:00,2025-03-26 23:55:00+08:00,87774.37,86752.52,多,51650571.56,41320457.25,-1.16%,-567054.29,51083517.27,正常平仓
轸宿,星宿,2025-04-02 00:00:00+00:00,2025-04-02 23:55:00+00:00,85158.35,82516.29,多,51650571.56,77475857.34,-3.10%,-2562727.37,49087844.19,正常平仓
氐宿,星宿,2025-04-05 00:00:00+08:00,2025-04-05 23:55:00+08:00,82860.0,82618.26,多,51650571.56,41320457.25,-0.29%,-207101.37,51443470.19,正常平仓
闭,建星,2025-04-06 00:00:00+08:00,2025-04-06 23:55:00+08:00,82618.25,82548.36,多,51650571.56,51650571.56,-0.08%,-152042.31,51498529.25,正常平仓
尾宿,星宿,2025-04-08 00:00:00+00:00,2025-04-08 23:55:00+00:00,79163.24,76322.42,多,51650571.56,41320457.25,-3.59%,-1567318.14,50083253.42,正常平仓
闭,建星,2025-04-18 00:00:00+08:00,2025-04-18 23:55:00+08:00,84531.72,84374.59,多,51650571.56,51650571.56,-0.19%,-204280.23,51446291.33,正常平仓
毕宿,星宿,2025-04-21 00:00:00+08:00,2025-04-21 23:55:00+08:00,84344.65,88044.8,多,51650571.56,67145743.03,4.39%,2800289.63,54450861.19,正常平仓
参宿,星宿,2025-04-23 00:00:00+08:00,2025-04-23 23:55:00+08:00,90934.61,93195.28,多,54450861.19,43560688.96,2.49%,989878.55,55440739.74,正常平仓
闭,建星,2025-04-30 00:00:00+08:00,2025-04-30 23:55:00+08:00,94843.1,94004.63,多,55440739.74,55440739.74,-0.88%,-605764.89,54834974.85,正常平仓
轸宿,星宿,2025-04-30 00:00:00+00:00,2025-04-30 23:55:00+00:00,94256.82,94172.0,多,55440739.74,83161109.62,-0.09%,-249278.2,55191461.54,正常平仓
氐宿,星宿,2025-05-03 00:00:00+08:00,2025-05-03 23:55:00+08:00,97330.19,96418.68,多,55440739.74,44352591.8,-0.94%,-507841.32,54932898.43,正常平仓
尾宿,星宿,2025-05-06 00:00:00+00:00,2025-05-06 23:55:00+00:00,94733.68,96834.02,多,55440739.74,44352591.8,2.22%,888770.98,56329510.72,正常平仓
闭,建星,2025-05-13 00:00:00+08:00,2025-05-13 23:55:00+08:00,102527.27,103682.55,多,56329510.72,56329510.72,1.13%,515535.3,56845046.02,正常平仓
毕宿,星宿,2025-05-19 00:00:00+08:00,2025-05-19 23:55:00+08:00,105518.0,104786.41,多,56845046.02,73898559.83,-0.69%,-666707.4,56178338.62,正常平仓
参宿,星宿,2025-05-21 00:00:00+08:00,2025-05-21 23:55:00+08:00,105333.67,108973.35,多,56845046.02,45476036.82,3.46%,1473560.79,58318606.81,正常平仓
闭,建星,2025-05-25 00:00:00+08:00,2025-05-25 23:55:00+08:00,108929.71,106967.97,多,58318606.81,58318606.81,-1.80%,-1171109.52,57147497.29,正常平仓
轸宿,星宿,2025-05-28 00:00:00+00:00,2025-05-28 23:55:00+00:00,108938.17,107781.78,多,58318606.81,87477910.22,-1.06%,-1110811.34,57207795.48,正常平仓
氐宿,星宿,2025-05-31 00:00:00+08:00,2025-05-31 23:55:00+08:00,105543.0,104556.08,多,58318606.81,46654885.45,-0.94%,-533538.93,57785067.88,正常平仓
尾宿,星宿,2025-06-03 00:00:00+00:00,2025-06-03 23:55:00+00:00,105858.0,105376.89,多,58318606.81,46654885.45,-0.45%,-309650.8,58008956.02,正常平仓
闭,建星,2025-06-07 00:00:00+08:00,2025-06-07 23:55:00+08:00,105092.28,105558.11,多,58318606.81,58318606.81,0.44%,135703.64,58454310.46,正常平仓
毕宿,星宿,2025-06-16 00:00:00+08:00,2025-06-16 23:55:00+08:00,105563.99,107424.96,多,58454310.46,75990603.59,1.76%,1178113.28,59632423.74,正常平仓
参宿,星宿,2025-06-18 00:00:00+08:00,2025-06-18 23:55:00+08:00,104241.62,104801.01,多,59632423.74,47705938.99,0.54%,155485.01,59787908.75,正常平仓
闭,建星,2025-06-19 00:00:00+08:00,2025-06-19 23:55:00+08:00,104801.01,104096.93,多,59787908.75,59787908.75,-0.67%,-526563.21,59261345.54,正常平仓
轸宿,星宿,2025-06-25 00:00:00+00:00,2025-06-25 23:55:00+00:00,106083.0,107340.58,多,59787908.75,89681863.13,1.19%,873313.84,60661222.59,正常平仓
氐宿,星宿,2025-06-28 00:00:00+08:00,2025-06-28 23:55:00+08:00,107308.25,107449.28,多,60661222.59,48528978.07,0.13%,-38178.69,60623043.9,正常平仓
闭,建星,2025-07-01 00:00:00+08:00,2025-07-01 23:55:00+08:00,107580.47,105955.18,多,60661222.59,60661222.59,-1.51%,-1042403.78,59618818.81,正常平仓
尾宿,星宿,2025-07-01 00:00:00+00:00,2025-07-01 23:55:00+00:00,107146.51,105681.14,多,60661222.59,48528978.07,-1.37%,-764565.32,59896657.27,正常平仓
毕宿,星宿,2025-07-14 00:00:00+08:00,2025-07-14 23:55:00+08:00,118672.23,119878.23,多,60661222.59,78859589.37,1.02%,634678.61,61295901.2,正常平仓
闭,建星,2025-07-14 00:00:00+08:00,2025-07-14 23:55:00+08:00,118672.23,119878.23,多,61295901.2,61295901.2,1.02%,493322.34,61789223.54,正常平仓
参宿,星宿,2025-07-16 00:00:00+08:00,2025-07-16 23:55:00+08:00,116391.43,119095.76,多,61789223.54,49431378.83,2.32%,1043049.39,62832272.93,正常平仓
轸宿,星宿,2025-07-23 00:00:00+00:00,2025-07-23 23:55:00+00:00,119954.43,118755.99,多,62832272.93,94248409.39,-1.00%,-1138032.42,61694240.51,正常平仓
氐宿,星宿,2025-07-26 00:00:00+08:00,2025-07-26 23:55:00+08:00,115727.07,118130.1,多,62832272.93,50265818.34,2.08%,936678.65,63768951.58,正常平仓
闭,建星,2025-07-26 00:00:00+08:00,2025-07-26 23:55:00+08:00,115727.07,118130.1,多,63768951.58,63768951.58,2.08%,1188302.85,64957254.43,正常平仓
尾宿,星宿,2025-07-29 00:00:00+00:00,2025-07-29 23:55:00+00:00,118062.32,117950.76,多,64957254.43,51965803.54,-0.09%,-158106.41,64799148.02,正常平仓
闭,建星,2025-08-08 00:00:00+08:00,2025-08-08 23:55:00+08:00,116689.8,116207.69,多,64957254.43,64957254.43,-0.41%,-404317.3,64552937.13,正常平仓
毕宿,星宿,2025-08-11 00:00:00+08:00,2025-08-11 23:55:00+08:00,118815.0,120314.4,多,64957254.43,84444430.76,1.26%,886810.2,65844064.63,正常平仓
参宿,星宿,2025-08-13 00:00:00+08:00,2025-08-13 23:55:00+08:00,119933.0,120920.62,多,65844064.63,52675251.7,0.82%,322552.69,66166617.32,正常平仓
闭,建星,2025-08-20 00:00:00+08:00,2025-08-20 23:55:00+08:00,113786.39,113353.94,多,66166617.32,66166617.32,-0.38%,-389975.85,65776641.47,正常平仓
轸宿,星宿,2025-08-20 00:00:00+00:00,2025-08-20 23:55:00+00:00,112872.95,114271.24,多,66166617.32,99249925.98,1.24%,1019356.87,67185974.19,正常平仓
氐宿,星宿,2025-08-23 00:00:00+08:00,2025-08-23 23:55:00+08:00,116370.75,114812.87,多,67185974.19,53748779.35,-1.34%,-831286.46,66354687.73,正常平仓
尾宿,星宿,2025-08-26 00:00:00+00:00,2025-08-26 23:55:00+00:00,110111.98,111763.22,多,67185974.19,53748779.35,1.50%,691990.13,67877964.32,正常平仓
闭,建星,2025-09-01 00:00:00+08:00,2025-09-01 23:55:00+08:00,108818.69,108784.33,多,67877964.32,67877964.32,-0.03%,-163876.53,67714087.79,正常平仓
毕宿,星宿,2025-09-08 00:00:00+08:00,2025-09-08 23:55:00+08:00,111329.99,112631.75,多,67877964.32,88241353.61,1.17%,845023.75,68722988.07,正常平仓
参宿,星宿,2025-09-10 00:00:00+08:00,2025-09-10 23:55:00+08:00,110880.76,113853.99,多,68722988.07,54978390.46,2.68%,1356617.37,70079605.44,正常平仓
闭,建星,2025-09-14 00:00:00+08:00,2025-09-14 23:55:00+08:00,115768.68,115224.01,多,70079605.44,70079605.44,-0.47%,-476314.33,69603291.11,正常平仓
轸宿,星宿,2025-09-17 00:00:00+00:00,2025-09-17 23:55:00+00:00,116788.96,116447.59,多,70079605.44,105119408.16,-0.29%,-527445.42,69552160.02,正常平仓
氐宿,星宿,2025-09-20 00:00:00+08:00,2025-09-20 23:55:00+08:00,115884.03,115986.69,多,70079605.44,56063684.35,0.09%,-68086.14,70011519.3,正常平仓
