开仓时间,平仓时间,开仓价,平仓价,方向,开仓前资金_USD,投入(允许杠杆),实际涨跌幅,收益_USD,平仓后资金_USD,平仓类型
2018-01-10 00:00:00+08:00,2018-01-10 23:55:00+08:00,14655.01,14399.95,多,1000.0,1000.0,-1.74%,-19.67719846,980.32280154,正常平仓
2018-01-22 00:00:00+08:00,2018-01-22 23:55:00+08:00,11420.99,10330.0,多,980.32280154,980.32280154,-9.55%,-95.75871784,884.56408369,正常平仓
2018-02-03 00:00:00+08:00,2018-02-03 23:55:00+08:00,9070.0,9173.0,多,884.56408369,980.32280154,1.14%,8.86221199,893.42629568,正常平仓
2018-02-16 00:00:00+08:00,2018-02-16 23:55:00+08:00,9811.01,10039.98,多,893.42629568,980.32280154,2.33%,20.59078035,914.01707603,正常平仓
2018-02-28 00:00:00+08:00,2018-02-28 23:55:00+08:00,10570.0,10506.85,多,914.01707603,980.32280154,-0.60%,-8.10187857,905.91519746,正常平仓
2018-03-13 00:00:00+08:00,2018-03-13 23:55:00+08:00,9174.22,9051.0,多,905.91519746,980.32280154,-1.34%,-15.4008534,890.51434406,正常平仓
2018-03-25 00:00:00+08:00,2018-03-25 23:55:00+08:00,8950.0,8480.0,多,890.51434406,980.32280154,-5.25%,-53.65723185,836.85711221,正常平仓
2018-04-07 00:00:00+08:00,2018-04-07 23:55:00+08:00,6583.0,7010.0,多,836.85711221,980.32280154,6.49%,61.23862048,898.09573269,正常平仓
2018-04-19 00:00:00+08:00,2018-04-19 23:55:00+08:00,7994.0,8239.02,多,898.09573269,980.32280154,3.07%,27.7485685,925.84430119,正常平仓
2018-05-01 00:00:00+08:00,2018-05-01 23:55:00+08:00,9318.41,8915.09,多,925.84430119,980.32280154,-4.33%,-44.62055177,881.22374941,正常平仓
2018-05-14 00:00:00+08:00,2018-05-14 23:55:00+08:00,8625.5,8789.12,多,881.22374941,980.32280154,1.90%,16.31443361,897.53818302,正常平仓
2018-05-26 00:00:00+08:00,2018-05-26 23:55:00+08:00,7500.02,7542.77,多,897.53818302,980.32280154,0.57%,3.3256863,900.86386933,正常平仓
2018-06-08 00:00:00+08:00,2018-06-08 23:55:00+08:00,7690.38,7627.51,多,900.86386933,980.32280154,-0.82%,-10.25603386,890.60783546,正常平仓
2018-06-20 00:00:00+08:00,2018-06-20 23:55:00+08:00,6739.04,6750.62,多,890.60783546,980.32280154,0.17%,-0.57175432,890.03608115,正常平仓
2018-07-02 00:00:00+08:00,2018-07-02 23:55:00+08:00,6316.14,6630.08,多,890.03608115,980.32280154,4.97%,46.39956111,936.43564226,正常平仓
2018-07-15 00:00:00+08:00,2018-07-15 23:55:00+08:00,6242.26,6385.46,多,936.43564226,980.32280154,2.29%,20.20153277,956.63717503,正常平仓
2018-07-27 00:00:00+08:00,2018-07-27 23:55:00+08:00,8208.29,8152.56,多,956.63717503,980.32280154,-0.68%,-8.89966502,947.73751002,正常平仓
2018-08-09 00:00:00+08:00,2018-08-09 23:55:00+08:00,6473.78,6446.0,多,947.73751002,980.32280154,-0.43%,-6.45417483,941.28333519,正常平仓
2018-08-21 00:00:00+08:00,2018-08-21 23:55:00+08:00,6427.44,6416.75,多,941.28333519,980.32280154,-0.17%,-3.88177341,937.40156178,正常平仓
2018-09-02 00:00:00+08:00,2018-09-02 23:55:00+08:00,7167.02,7214.24,多,937.40156178,980.32280154,0.66%,4.19542446,941.59698624,正常平仓
2018-09-15 00:00:00+08:00,2018-09-15 23:55:00+08:00,6479.99,6542.22,多,941.59698624,980.32280154,0.96%,7.14656682,948.74355305,正常平仓
2018-09-27 00:00:00+08:00,2018-09-27 23:55:00+08:00,6542.55,6498.97,多,948.74355305,980.32280154,-0.67%,-8.77391556,939.96963749,正常平仓
2018-10-10 00:00:00+08:00,2018-10-10 23:55:00+08:00,6643.78,6588.99,多,939.96963749,980.32280154,-0.82%,-10.32618105,929.64345644,正常平仓
2018-10-22 00:00:00+08:00,2018-10-22 23:55:00+08:00,6645.0,6563.49,多,929.64345644,980.32280154,-1.23%,-14.26073511,915.38272134,正常平仓
2018-11-03 00:00:00+08:00,2018-11-03 23:55:00+08:00,6424.8,6374.0,多,915.38272134,980.32280154,-0.79%,-9.99341949,905.38930185,正常平仓
2018-11-16 00:00:00+08:00,2018-11-16 23:55:00+08:00,5675.13,5645.62,多,905.38930185,980.32280154,-0.52%,-7.34368316,898.04561869,正常平仓
2018-11-28 00:00:00+08:00,2018-11-28 23:55:00+08:00,3779.06,4249.82,多,898.04561869,980.32280154,12.46%,119.68263908,1017.72825777,正常平仓
2018-12-11 00:00:00+08:00,2018-12-11 23:55:00+08:00,3428.79,3353.01,多,1017.72825777,1017.72825777,-2.21%,-24.79894579,992.92931198,正常平仓
2018-12-23 00:00:00+08:00,2018-12-23 23:55:00+08:00,3830.05,3907.51,多,992.92931198,1017.72825777,2.02%,18.21220886,1011.14152084,正常平仓
2019-01-04 00:00:00+08:00,2019-01-04 23:55:00+08:00,3807.37,3725.28,多,1011.14152084,1017.72825777,-2.16%,-24.24991576,986.89160508,正常平仓
2019-01-17 00:00:00+08:00,2019-01-17 23:55:00+08:00,3591.16,3597.62,多,986.89160508,1017.72825777,0.18%,-0.51174974,986.37985534,正常平仓
2019-01-29 00:00:00+08:00,2019-01-29 23:55:00+08:00,3420.5,3426.62,多,986.37985534,1017.72825777,0.18%,-0.52155563,985.8582997,正常平仓
2019-02-11 00:00:00+08:00,2019-02-11 23:55:00+08:00,3628.73,3643.0,多,985.8582997,1017.72825777,0.39%,1.65646467,987.51476438,正常平仓
2019-02-23 00:00:00+08:00,2019-02-23 23:55:00+08:00,3954.63,3941.99,多,987.51476438,1017.72825777,-0.32%,-5.58779916,981.92696522,正常平仓
2019-03-08 00:00:00+08:00,2019-03-08 23:55:00+08:00,3876.54,3908.37,多,981.92696522,1017.72825777,0.82%,6.00421169,987.93117691,正常平仓
2019-03-20 00:00:00+08:00,2019-03-20 23:55:00+08:00,3997.93,4015.82,多,987.93117691,1017.72825777,0.45%,2.20756196,990.13873887,正常平仓
2019-04-01 00:00:00+08:00,2019-04-01 23:55:00+08:00,4097.0,4145.07,多,990.13873887,1017.72825777,1.17%,9.58332325,999.72206212,正常平仓
2019-04-14 00:00:00+08:00,2019-04-14 23:55:00+08:00,5051.71,5062.34,多,999.72206212,1017.72825777,0.21%,-0.2014255,999.52063662,正常平仓
2019-04-26 00:00:00+08:00,2019-04-26 23:55:00+08:00,5432.0,5285.07,多,999.52063662,1017.72825777,-2.70%,-29.82699271,969.69364391,正常平仓
2019-05-09 00:00:00+08:00,2019-05-09 23:55:00+08:00,5953.07,6058.91,多,969.69364391,1017.72825777,1.78%,15.72737262,985.42101653,正常平仓
2019-05-21 00:00:00+08:00,2019-05-21 23:55:00+08:00,7833.71,7890.49,多,985.42101653,1017.72825777,0.72%,5.02584401,990.44686054,正常平仓
2019-06-02 00:00:00+08:00,2019-06-02 23:55:00+08:00,8530.21,8678.22,多,990.44686054,1017.72825777,1.74%,15.2926521,1005.73951264,正常平仓
2019-06-15 00:00:00+08:00,2019-06-15 23:55:00+08:00,8385.93,8750.71,多,1005.73951264,1017.72825777,4.35%,41.86409494,1047.60360758,正常平仓
2019-06-27 00:00:00+08:00,2019-06-27 23:55:00+08:00,12889.05,11830.0,多,1047.60360758,1047.60360758,-8.22%,-88.35748421,959.24612337,正常平仓
2019-07-10 00:00:00+08:00,2019-07-10 23:55:00+08:00,12338.62,12367.91,多,959.24612337,1047.60360758,0.24%,0.07468201,959.32080537,正常平仓
2019-07-22 00:00:00+08:00,2019-07-22 23:55:00+08:00,10443.54,10238.43,多,959.32080537,1047.60360758,-1.96%,-22.95242149,936.36838388,正常平仓
2019-08-03 00:00:00+08:00,2019-08-03 23:55:00+08:00,10612.1,10733.05,多,936.36838388,1047.60360758,1.14%,9.51358378,945.88196766,正常平仓
2019-08-16 00:00:00+08:00,2019-08-16 23:55:00+08:00,10092.96,10386.04,多,945.88196766,1047.60360758,2.90%,27.96633731,973.84830497,正常平仓
2019-08-28 00:00:00+08:00,2019-08-28 23:55:00+08:00,10190.73,10239.73,多,973.84830497,1047.60360758,0.48%,2.62119152,976.46949649,正常平仓
2019-09-10 00:00:00+08:00,2019-09-10 23:55:00+08:00,10321.26,10175.07,多,976.46949649,1047.60360758,-1.42%,-17.22442306,959.24507344,正常平仓
2019-09-22 00:00:00+08:00,2019-09-22 23:55:00+08:00,10038.43,9990.64,多,959.24507344,1047.60360758,-0.48%,-7.38829653,951.8567769,正常平仓
2019-10-04 00:00:00+08:00,2019-10-04 23:55:00+08:00,8108.98,8148.0,多,951.8567769,1047.60360758,0.48%,2.62501766,954.48179457,正常平仓
2019-10-17 00:00:00+08:00,2019-10-17 23:55:00+08:00,7953.06,8069.39,多,954.48179457,1047.60360758,1.46%,12.8919649,967.37375947,正常平仓
2019-10-29 00:00:00+08:00,2019-10-29 23:55:00+08:00,9376.22,9340.06,多,967.37375947,1047.60360758,-0.39%,-6.44253623,960.93122324,正常平仓
2019-11-11 00:00:00+08:00,2019-11-11 23:55:00+08:00,8800.0,8723.59,多,960.93122324,1047.60360758,-0.87%,-11.49110037,949.44012287,正常平仓
2019-11-23 00:00:00+08:00,2019-11-23 23:55:00+08:00,7125.22,7291.2,多,949.44012287,1047.60360758,2.33%,21.95860972,971.39873259,正常平仓
2019-12-05 00:00:00+08:00,2019-12-05 23:55:00+08:00,7466.78,7336.99,多,971.39873259,1047.60360758,-1.74%,-20.59093158,950.80780101,正常平仓
2019-12-18 00:00:00+08:00,2019-12-18 23:55:00+08:00,6696.32,6823.49,多,950.80780101,1047.60360758,1.90%,17.45680541,968.26460642,正常平仓
2019-12-30 00:00:00+08:00,2019-12-30 23:55:00+08:00,7395.03,7262.08,多,968.26460642,1047.60360758,-1.80%,-21.21433119,947.05027524,正常平仓
2020-01-12 00:00:00+08:00,2020-01-12 23:55:00+08:00,8099.16,8152.7,多,947.05027524,1047.60360758,0.66%,4.50642652,951.55670175,正常平仓
2020-01-24 00:00:00+08:00,2020-01-24 23:55:00+08:00,8357.81,8506.44,多,951.55670175,1047.60360758,1.78%,16.19355163,967.75025338,正常平仓
2020-02-06 00:00:00+08:00,2020-02-06 23:55:00+08:00,9484.22,9786.88,多,967.75025338,1047.60360758,3.19%,30.97252456,998.72277794,正常平仓
2020-02-18 00:00:00+08:00,2020-02-18 23:55:00+08:00,9635.27,9830.68,多,998.72277794,1047.60360758,2.03%,18.8058431,1017.52862104,正常平仓
2020-03-01 00:00:00+08:00,2020-03-01 23:55:00+08:00,8650.0,8557.8,多,1017.52862104,1047.60360758,-1.07%,-13.5580673,1003.97055374,正常平仓
2020-03-14 00:00:00+08:00,2020-03-14 23:55:00+08:00,5207.63,5311.38,多,1003.97055374,1047.60360758,1.99%,18.43135531,1022.40190906,正常平仓
2020-03-26 00:00:00+08:00,2020-03-26 23:55:00+08:00,6617.19,6617.04,多,1022.40190906,1047.60360758,-0.00%,-2.43215294,1019.96975611,正常平仓
2020-04-08 00:00:00+08:00,2020-04-08 23:55:00+08:00,7318.3,7276.83,多,1019.96975611,1047.60360758,-0.57%,-8.33591055,1011.63384556,正常平仓
2020-04-20 00:00:00+08:00,2020-04-20 23:55:00+08:00,7097.34,7071.4,多,1011.63384556,1047.60360758,-0.37%,-6.23157812,1005.40226744,正常平仓
2020-05-02 00:00:00+08:00,2020-05-02 23:55:00+08:00,8726.88,8936.41,多,1005.40226744,1047.60360758,2.40%,22.70653077,1028.1087982,正常平仓
2020-05-15 00:00:00+08:00,2020-05-15 23:55:00+08:00,9748.99,9475.53,多,1028.1087982,1047.60360758,-2.81%,-31.74976297,996.35903524,正常平仓
2020-05-27 00:00:00+08:00,2020-05-27 23:55:00+08:00,8726.6,9148.0,多,996.35903524,1047.60360758,4.83%,48.10360371,1044.46263894,正常平仓
2020-06-09 00:00:00+08:00,2020-06-09 23:55:00+08:00,9706.3,9719.89,多,1044.46263894,1047.60360758,0.14%,-0.9438675,1043.51877144,正常平仓
2020-06-21 00:00:00+08:00,2020-06-21 23:55:00+08:00,9258.82,9373.33,多,1043.51877144,1047.60360758,1.24%,10.52854939,1054.04732083,正常平仓
2020-07-03 00:00:00+08:00,2020-07-03 23:55:00+08:00,9048.92,9100.39,多,1054.04732083,1054.04732083,0.57%,3.56314882,1057.61046965,正常平仓
2020-07-16 00:00:00+08:00,2020-07-16 23:55:00+08:00,9204.98,9125.26,多,1057.61046965,1057.61046965,-0.87%,-11.57718353,1046.03328612,正常平仓
2020-07-28 00:00:00+08:00,2020-07-28 23:55:00+08:00,10299.99,11150.26,多,1046.03328612,1057.61046965,8.26%,84.74402319,1130.77730931,正常平仓
2020-08-10 00:00:00+08:00,2020-08-10 23:55:00+08:00,11567.42,11920.67,多,1130.77730931,1130.77730931,3.05%,31.8806598,1162.65796911,正常平仓
2020-08-22 00:00:00+08:00,2020-08-22 23:55:00+08:00,11720.01,11583.1,多,1162.65796911,1162.65796911,-1.17%,-16.23444927,1146.42351984,正常平仓
2020-09-03 00:00:00+08:00,2020-09-03 23:55:00+08:00,11329.66,10670.28,多,1146.42351984,1162.65796911,-5.82%,-70.23757612,1076.18594372,正常平仓
2020-09-16 00:00:00+08:00,2020-09-16 23:55:00+08:00,10785.23,11004.99,多,1076.18594372,1162.65796911,2.04%,20.98187225,1097.16781597,正常平仓
2020-09-28 00:00:00+08:00,2020-09-28 23:55:00+08:00,10754.82,10901.9,多,1097.16781597,1162.65796911,1.37%,13.20340925,1110.37122521,正常平仓
2020-10-11 00:00:00+08:00,2020-10-11 23:55:00+08:00,11349.2,11405.47,多,1110.37122521,1162.65796911,0.50%,3.0829342,1113.45415941,正常平仓
2020-10-23 00:00:00+08:00,2020-10-23 23:55:00+08:00,12930.0,12921.09,多,1113.45415941,1162.65796911,-0.07%,-3.47293222,1109.98122719,正常平仓
2020-11-04 00:00:00+08:00,2020-11-04 23:55:00+08:00,13710.39,13911.47,多,1109.98122719,1162.65796911,1.47%,14.35331986,1124.33454705,正常平仓
2020-11-17 00:00:00+08:00,2020-11-17 23:55:00+08:00,16450.0,17322.19,多,1124.33454705,1162.65796911,5.30%,58.87954599,1183.21409304,正常平仓
2020-11-29 00:00:00+08:00,2020-11-29 23:55:00+08:00,17517.04,18119.97,多,1183.21409304,1183.21409304,3.44%,37.94453113,1221.15862417,正常平仓
2020-12-12 00:00:00+08:00,2020-12-12 23:55:00+08:00,18104.74,18399.01,多,1221.15862417,1221.15862417,1.63%,17.01121547,1238.16983964,正常平仓
2020-12-24 00:00:00+08:00,2020-12-24 23:55:00+08:00,23449.66,23232.12,多,1238.16983964,1238.16983964,-0.93%,-14.31570483,1223.85413481,正常平仓
2021-01-06 00:00:00+08:00,2021-01-06 23:55:00+08:00,32099.97,34566.19,多,1223.85413481,1238.16983964,7.68%,92.13864084,1315.99277565,正常平仓
2021-01-18 00:00:00+08:00,2021-01-18 23:55:00+08:00,35728.47,36405.98,多,1315.99277565,1315.99277565,1.90%,21.891965,1337.88474065,正常平仓
2021-01-30 00:00:00+08:00,2021-01-30 23:55:00+08:00,37129.4,34210.2,多,1337.88474065,1337.88474065,-7.86%,-108.10573916,1229.77900149,正常平仓
2021-02-12 00:00:00+08:00,2021-02-12 23:55:00+08:00,47960.86,47021.05,多,1229.77900149,1337.88474065,-1.96%,-29.25282368,1200.52617782,正常平仓
2021-02-24 00:00:00+08:00,2021-02-24 23:55:00+08:00,48602.02,49819.5,多,1200.52617782,1337.88474065,2.50%,30.38796102,1230.91413884,正常平仓
2021-03-09 00:00:00+08:00,2021-03-09 23:55:00+08:00,51055.0,54097.02,多,1230.91413884,1337.88474065,5.96%,76.52015566,1307.4342945,正常平仓
2021-03-21 00:00:00+08:00,2021-03-21 23:55:00+08:00,59244.51,57159.04,多,1307.4342945,1337.88474065,-3.52%,-50.10017347,1257.33412104,正常平仓
2021-04-02 00:00:00+08:00,2021-04-02 23:55:00+08:00,58974.66,59480.06,多,1257.33412104,1337.88474065,0.86%,8.37239673,1265.70651777,正常平仓
2021-04-15 00:00:00+08:00,2021-04-15 23:55:00+08:00,63045.03,62715.18,多,1265.70651777,1337.88474065,-0.52%,-10.06508409,1255.64143368,正常平仓
2021-04-27 00:00:00+08:00,2021-04-27 23:55:00+08:00,53571.13,54981.87,多,1255.64143368,1337.88474065,2.63%,32.1031932,1287.74462688,正常平仓
2021-05-10 00:00:00+08:00,2021-05-10 23:55:00+08:00,57379.58,58296.36,多,1287.74462688,1337.88474065,1.60%,18.2681609,1306.01278778,正常平仓
2021-05-22 00:00:00+08:00,2021-05-22 23:55:00+08:00,36803.28,38162.4,多,1306.01278778,1337.88474065,3.69%,46.25731086,1352.27009865,正常平仓
2021-06-03 00:00:00+08:00,2021-06-03 23:55:00+08:00,38040.69,38535.61,多,1352.27009865,1352.27009865,1.30%,14.45816945,1366.7282681,正常平仓
2021-06-16 00:00:00+08:00,2021-06-16 23:55:00+08:00,40065.01,38775.66,多,1366.7282681,1366.7282681,-3.22%,-47.05947146,1319.66879664,正常平仓
2021-06-28 00:00:00+08:00,2021-06-28 23:55:00+08:00,33200.06,34969.99,多,1319.66879664,1366.7282681,5.33%,69.6103879,1389.27918454,正常平仓
2021-07-11 00:00:00+08:00,2021-07-11 23:55:00+08:00,33862.55,33948.68,多,1389.27918454,1389.27918454,0.25%,0.3344059,1389.61359044,正常平仓
2021-07-23 00:00:00+08:00,2021-07-23 23:55:00+08:00,32504.83,32315.0,多,1389.61359044,1389.61359044,-0.58%,-11.29797733,1378.31561311,正常平仓
2021-08-04 00:00:00+08:00,2021-08-04 23:55:00+08:00,38169.45,39302.0,多,1378.31561311,1389.61359044,2.97%,37.97557837,1416.29119148,正常平仓
2021-08-17 00:00:00+08:00,2021-08-17 23:55:00+08:00,46344.03,45730.0,多,1416.29119148,1416.29119148,-1.32%,-21.99291588,1394.2982756,正常平仓
2021-08-29 00:00:00+08:00,2021-08-29 23:55:00+08:00,48811.12,48474.95,多,1394.2982756,1416.29119148,-0.69%,-12.99565681,1381.3026188,正常平仓
2021-09-11 00:00:00+08:00,2021-09-11 23:55:00+08:00,45420.86,45573.99,多,1381.3026188,1416.29119148,0.34%,1.51161365,1382.81423244,正常平仓
2021-09-23 00:00:00+08:00,2021-09-23 23:55:00+08:00,43222.96,43747.63,多,1382.81423244,1416.29119148,1.21%,13.91009119,1396.72432364,正常平仓
2021-10-05 00:00:00+08:00,2021-10-05 23:55:00+08:00,47758.22,49793.57,多,1396.72432364,1416.29119148,4.26%,57.01267415,1453.73699778,正常平仓
2021-10-18 00:00:00+08:00,2021-10-18 23:55:00+08:00,60764.13,62003.03,多,1453.73699778,1453.73699778,2.04%,26.25319672,1479.9901945,正常平仓
2021-10-30 00:00:00+08:00,2021-10-30 23:55:00+08:00,62299.99,61377.19,多,1479.9901945,1479.9901945,-1.48%,-25.29155009,1454.69864441,正常平仓
2021-11-12 00:00:00+08:00,2021-11-12 23:55:00+08:00,64799.59,63155.94,多,1454.69864441,1479.9901945,-2.54%,-40.88636863,1413.81227578,正常平仓
2021-11-24 00:00:00+08:00,2021-11-24 23:55:00+08:00,56883.07,56727.53,多,1413.81227578,1479.9901945,-0.27%,-7.44328939,1406.36898639,正常平仓
2021-12-06 00:00:00+08:00,2021-12-06 23:55:00+08:00,47951.57,48942.68,多,1406.36898639,1479.9901945,2.07%,27.141534,1433.51052039,正常平仓
2021-12-19 00:00:00+08:00,2021-12-19 23:55:00+08:00,46858.56,47239.8,多,1433.51052039,1479.9901945,0.81%,8.62061302,1442.13113342,正常平仓
2021-12-31 00:00:00+08:00,2021-12-31 23:55:00+08:00,47159.42,48005.37,多,1442.13113342,1479.9901945,1.79%,23.10590585,1465.23703927,正常平仓
2022-01-13 00:00:00+08:00,2022-01-13 23:55:00+08:00,43560.29,43200.0,多,1465.23703927,1479.9901945,-0.83%,-15.62524423,1449.61179504,正常平仓
2022-01-25 00:00:00+08:00,2022-01-25 23:55:00+08:00,34237.31,36530.0,多,1449.61179504,1479.9901945,6.70%,95.5559881,1545.16778314,正常平仓
2022-02-07 00:00:00+08:00,2022-02-07 23:55:00+08:00,41519.48,43835.59,多,1545.16778314,1545.16778314,5.58%,82.5136199,1627.68140304,正常平仓
2022-02-19 00:00:00+08:00,2022-02-19 23:55:00+08:00,39832.02,39969.93,多,1627.68140304,1627.68140304,0.35%,1.88501688,1629.56641992,正常平仓
2022-03-03 00:00:00+08:00,2022-03-03 23:55:00+08:00,44126.51,42547.34,多,1629.56641992,1629.56641992,-3.58%,-61.9767877,1567.58963222,正常平仓
2022-03-16 00:00:00+08:00,2022-03-16 23:55:00+08:00,39017.11,40611.67,多,1567.58963222,1629.56641992,4.09%,62.75128216,1630.34091437,正常平仓
2022-03-28 00:00:00+08:00,2022-03-28 23:55:00+08:00,44857.53,47422.51,多,1630.34091437,1630.34091437,5.72%,89.33595706,1719.67687144,正常平仓
2022-04-10 00:00:00+08:00,2022-04-10 23:55:00+08:00,42253.02,42747.47,多,1719.67687144,1719.67687144,1.17%,16.14016508,1735.81703652,正常平仓
2022-04-22 00:00:00+08:00,2022-04-22 23:55:00+08:00,42135.34,39433.6,多,1735.81703652,1735.81703652,-6.41%,-115.1252979,1620.69173862,正常平仓
2022-05-04 00:00:00+08:00,2022-05-04 23:55:00+08:00,38326.37,38973.2,多,1620.69173862,1735.81703652,1.69%,25.26063858,1645.9523772,正常平仓
2022-05-17 00:00:00+08:00,2022-05-17 23:55:00+08:00,29676.56,30153.74,多,1645.9523772,1735.81703652,1.61%,23.87833908,1669.83071628,正常平仓
2022-05-29 00:00:00+08:00,2022-05-29 23:55:00+08:00,28988.2,29215.98,多,1669.83071628,1735.81703652,0.79%,9.628405,1679.45912129,正常平仓
2022-06-11 00:00:00+08:00,2022-06-11 23:55:00+08:00,29454.52,28405.54,多,1679.45912129,1735.81703652,-3.56%,-65.71658371,1613.74253757,正常平仓
2022-06-23 00:00:00+08:00,2022-06-23 23:55:00+08:00,20080.85,20351.91,多,1613.74253757,1735.81703652,1.35%,19.40504222,1633.14757979,正常平仓
2022-07-05 00:00:00+08:00,2022-07-05 23:55:00+08:00,19801.48,19519.98,多,1633.14757979,1735.81703652,-1.42%,-28.63021842,1604.51736138,正常平仓
2022-07-18 00:00:00+08:00,2022-07-18 23:55:00+08:00,21170.09,22675.83,多,1604.51736138,1735.81703652,7.11%,119.28569626,1723.80305764,正常平仓
2022-07-30 00:00:00+08:00,2022-07-30 23:55:00+08:00,24012.76,24529.1,多,1723.80305764,1735.81703652,2.15%,33.27821852,1757.08127616,正常平仓
2022-08-12 00:00:00+08:00,2022-08-12 23:55:00+08:00,24343.68,23980.66,多,1757.08127616,1757.08127616,-1.49%,-30.20235817,1726.87891799,正常平仓
2022-08-24 00:00:00+08:00,2022-08-24 23:55:00+08:00,21473.01,21618.45,多,1726.87891799,1757.08127616,0.68%,7.84361147,1734.72252947,正常平仓
2022-09-05 00:00:00+08:00,2022-09-05 23:55:00+08:00,19790.84,19854.59,多,1734.72252947,1757.08127616,0.32%,1.61187277,1736.33440223,正常平仓
2022-09-18 00:00:00+08:00,2022-09-18 23:55:00+08:00,19963.34,19814.63,多,1736.33440223,1757.08127616,-0.74%,-17.1086802,1719.22572203,正常平仓
2022-09-30 00:00:00+08:00,2022-09-30 23:55:00+08:00,19288.78,19756.01,多,1719.22572203,1757.08127616,2.42%,38.45825625,1757.68397828,正常平仓
2022-10-13 00:00:00+08:00,2022-10-13 23:55:00+08:00,19137.36,18958.59,多,1757.68397828,1757.68397828,-0.93%,-20.43555736,1737.24842092,正常平仓
2022-10-25 00:00:00+08:00,2022-10-25 23:55:00+08:00,19301.96,19748.48,多,1737.24842092,1757.68397828,2.31%,36.55934253,1773.80776346,正常平仓
2022-11-06 00:00:00+08:00,2022-11-06 23:55:00+08:00,21299.22,21241.1,多,1773.80776346,1773.80776346,-0.27%,-8.91098679,1764.89677667,正常平仓
2022-11-19 00:00:00+08:00,2022-11-19 23:55:00+08:00,16695.06,16655.65,多,1764.89677667,1773.80776346,-0.24%,-8.2589208,1756.63785587,正常平仓
2022-12-01 00:00:00+08:00,2022-12-01 23:55:00+08:00,16865.64,16977.67,多,1756.63785587,1773.80776346,0.66%,7.68686969,1764.32472556,正常平仓
2022-12-14 00:00:00+08:00,2022-12-14 23:55:00+08:00,17753.54,18061.83,多,1764.32472556,1773.80776346,1.74%,26.67799225,1791.00271781,正常平仓
2022-12-26 00:00:00+08:00,2022-12-26 23:55:00+08:00,16793.49,16809.51,多,1791.00271781,1791.00271781,0.10%,-2.41156613,1788.59115168,正常平仓
2023-01-08 00:00:00+08:00,2023-01-08 23:55:00+08:00,16940.6,17000.43,多,1788.59115168,1791.00271781,0.35%,2.19837976,1790.78953144,正常平仓
2023-01-20 00:00:00+08:00,2023-01-20 23:55:00+08:00,20876.44,21144.77,多,1790.78953144,1791.00271781,1.29%,18.86817347,1809.65770491,正常平仓
2023-02-01 00:00:00+08:00,2023-02-01 23:55:00+08:00,23121.8,22979.73,多,1809.65770491,1809.65770491,-0.61%,-15.2630292,1794.39467571,正常平仓
2023-02-14 00:00:00+08:00,2023-02-14 23:55:00+08:00,21561.84,22041.45,多,1794.39467571,1809.65770491,2.22%,36.0323117,1830.42698741,正常平仓
2023-02-26 00:00:00+08:00,2023-02-26 23:55:00+08:00,23006.18,23247.23,多,1830.42698741,1830.42698741,1.05%,14.94161632,1845.36860373,正常平仓
2023-03-11 00:00:00+08:00,2023-03-11 23:55:00+08:00,20004.96,20061.98,多,1845.36860373,1845.36860373,0.29%,1.0094536,1846.37805733,正常平仓
2023-03-23 00:00:00+08:00,2023-03-23 23:55:00+08:00,28595.06,28580.87,多,1846.37805733,1846.37805733,-0.05%,-5.15969646,1841.21836087,正常平仓
2023-04-04 00:00:00+08:00,2023-04-04 23:55:00+08:00,28051.48,28030.04,多,1841.21836087,1846.37805733,-0.08%,-5.65391214,1835.56444873,正常平仓
2023-04-17 00:00:00+08:00,2023-04-17 23:55:00+08:00,30332.98,29358.31,多,1835.56444873,1846.37805733,-3.21%,-63.48436091,1772.08008782,正常平仓
2023-04-29 00:00:00+08:00,2023-04-29 23:55:00+08:00,29146.88,29271.21,多,1772.08008782,1846.37805733,0.43%,3.61934777,1775.69943559,正常平仓
2023-05-12 00:00:00+08:00,2023-05-12 23:55:00+08:00,27179.43,26320.84,多,1775.69943559,1846.37805733,-3.16%,-62.48391879,1713.2155168,正常平仓
2023-05-24 00:00:00+08:00,2023-05-24 23:55:00+08:00,27320.04,26314.69,多,1713.2155168,1846.37805733,-3.68%,-72.08783057,1641.12768623,正常平仓
2023-06-05 00:00:00+08:00,2023-06-05 23:55:00+08:00,27179.0,26007.53,多,1641.12768623,1846.37805733,-4.31%,-83.7081671,1557.41951913,正常平仓
2023-06-18 00:00:00+08:00,2023-06-18 23:55:00+08:00,26410.82,26562.09,多,1557.41951913,1846.37805733,0.57%,6.31459572,1563.73411485,正常平仓
2023-06-30 00:00:00+08:00,2023-06-30 23:55:00+08:00,30478.79,30067.72,多,1563.73411485,1846.37805733,-1.35%,-29.10975148,1534.62436337,正常平仓
2023-07-13 00:00:00+08:00,2023-07-13 23:55:00+08:00,30524.63,30917.48,多,1534.62436337,1846.37805733,1.29%,19.48232087,1554.10668424,正常平仓
2023-07-25 00:00:00+08:00,2023-07-25 23:55:00+08:00,29093.78,29181.51,多,1554.10668424,1846.37805733,0.30%,1.31443755,1555.42112179,正常平仓
2023-08-06 00:00:00+08:00,2023-08-06 23:55:00+08:00,29041.49,29012.93,多,1555.42112179,1846.37805733,-0.10%,-6.05786849,1549.3632533,正常平仓
2023-08-19 00:00:00+08:00,2023-08-19 23:55:00+08:00,26001.99,26216.01,多,1549.3632533,1846.37805733,0.82%,10.92976387,1560.29301717,正常平仓
2023-08-31 00:00:00+08:00,2023-08-31 23:55:00+08:00,27201.63,26922.01,多,1560.29301717,1846.37805733,-1.03%,-23.19627375,1537.09674342,正常平仓
2023-09-13 00:00:00+08:00,2023-09-13 23:55:00+08:00,26205.98,26241.31,多,1537.09674342,1846.37805733,0.13%,-1.75933209,1535.33741132,正常平仓
2023-09-25 00:00:00+08:00,2023-09-25 23:55:00+08:00,26578.06,26243.72,多,1535.33741132,1846.37805733,-1.26%,-27.43661007,1507.90080125,正常平仓
2023-10-07 00:00:00+08:00,2023-10-07 23:55:00+08:00,27941.12,27939.8,多,1507.90080125,1846.37805733,-0.00%,-4.33192029,1503.56888097,正常平仓
2023-10-20 00:00:00+08:00,2023-10-20 23:55:00+08:00,28680.09,29550.98,多,1503.56888097,1846.37805733,3.04%,51.73762944,1555.30651041,正常平仓
2023-11-01 00:00:00+08:00,2023-11-01 23:55:00+08:00,34272.19,34291.94,多,1555.30651041,1846.37805733,0.06%,-3.18240863,1552.12410178,正常平仓
2023-11-14 00:00:00+08:00,2023-11-14 23:55:00+08:00,36841.9,36147.09,多,1552.12410178,1846.37805733,-1.89%,-39.01390215,1513.11019963,正常平仓
2023-11-26 00:00:00+08:00,2023-11-26 23:55:00+08:00,37704.38,37437.11,多,1513.11019963,1846.37805733,-0.71%,-17.3133783,1495.79682133,正常平仓
2023-12-09 00:00:00+08:00,2023-12-09 23:55:00+08:00,43760.94,44045.1,多,1495.79682133,1846.37805733,0.65%,7.72658954,1503.52341088,正常平仓
2023-12-21 00:00:00+08:00,2023-12-21 23:55:00+08:00,44027.2,43823.99,多,1503.52341088,1846.37805733,-0.46%,-12.75411052,1490.76930035,正常平仓
2024-01-02 00:00:00+08:00,2024-01-02 23:55:00+08:00,42783.05,45184.82,多,1490.76930035,1846.37805733,5.61%,99.25242532,1590.02172567,正常平仓
2024-01-15 00:00:00+08:00,2024-01-15 23:55:00+08:00,42904.39,42278.99,多,1590.02172567,1846.37805733,-1.46%,-31.11838885,1558.90333682,正常平仓
2024-01-27 00:00:00+08:00,2024-01-27 23:55:00+08:00,41422.98,41814.0,多,1558.90333682,1846.37805733,0.94%,13.15828196,1572.06161878,正常平仓
2024-02-09 00:00:00+08:00,2024-02-09 23:55:00+08:00,45432.3,47159.99,多,1572.06161878,1846.37805733,3.80%,65.86360409,1637.92522287,正常平仓
2024-02-21 00:00:00+08:00,2024-02-21 23:55:00+08:00,51679.99,51156.0,多,1637.92522287,1846.37805733,-1.01%,-22.93742405,1614.98779882,正常平仓
2024-03-04 00:00:00+08:00,2024-03-04 23:55:00+08:00,62164.63,66451.65,多,1614.98779882,1846.37805733,6.90%,122.89490765,1737.88270647,正常平仓
2024-03-17 00:00:00+08:00,2024-03-17 23:55:00+08:00,68385.58,67965.5,多,1737.88270647,1846.37805733,-0.61%,-15.5697822,1722.31292427,正常平仓
2024-03-29 00:00:00+08:00,2024-03-29 23:55:00+08:00,71290.38,69180.0,多,1722.31292427,1846.37805733,-2.96%,-58.82046781,1663.49245647,正常平仓
2024-04-11 00:00:00+08:00,2024-04-11 23:55:00+08:00,68657.31,70000.0,多,1663.49245647,1846.37805733,1.96%,31.809562,1695.30201846,正常平仓
2024-04-23 00:00:00+08:00,2024-04-23 23:55:00+08:00,65994.39,66419.56,多,1695.30201846,1846.37805733,0.64%,7.63266743,1702.93468589,正常平仓
2024-05-06 00:00:00+08:00,2024-05-06 23:55:00+08:00,64428.64,63632.01,多,1702.93468589,1846.37805733,-1.24%,-27.04020361,1675.89448228,正常平仓
2024-05-18 00:00:00+08:00,2024-05-18 23:55:00+08:00,67195.09,66823.63,多,1675.89448228,1846.37805733,-0.55%,-14.43645408,1661.4580282,正常平仓
2024-05-30 00:00:00+08:00,2024-05-30 23:55:00+08:00,67379.13,68530.76,多,1661.4580282,1846.37805733,1.71%,27.26577826,1688.72380645,正常平仓
2024-06-12 00:00:00+08:00,2024-06-12 23:55:00+08:00,66244.48,69734.0,多,1688.72380645,1846.37805733,5.27%,92.8699112,1781.59371765,正常平仓
2024-06-24 00:00:00+08:00,2024-06-24 23:55:00+08:00,64094.01,60843.99,多,1781.59371765,1846.37805733,-5.07%,-97.72891819,1683.86479946,正常平仓
2024-07-07 00:00:00+08:00,2024-07-07 23:55:00+08:00,57317.99,56825.42,多,1683.86479946,1846.37805733,-0.86%,-20.08814208,1663.77665738,正常平仓
2024-07-19 00:00:00+08:00,2024-07-19 23:55:00+08:00,63538.12,65836.77,多,1663.77665738,1846.37805733,3.62%,62.45237909,1726.22903646,正常平仓
2024-07-31 00:00:00+08:00,2024-07-31 23:55:00+08:00,66216.01,66379.99,多,1726.22903646,1846.37805733,0.25%,0.32076698,1726.54980344,正常平仓
2024-08-13 00:00:00+08:00,2024-08-13 23:55:00+08:00,60207.38,59472.26,多,1726.54980344,1846.37805733,-1.22%,-26.75493546,1699.79486798,正常平仓
2024-08-25 00:00:00+08:00,2024-08-25 23:55:00+08:00,63976.0,64132.16,多,1699.79486798,1846.37805733,0.24%,0.25527268,1700.05014066,正常平仓
2024-09-06 00:00:00+08:00,2024-09-06 23:55:00+08:00,55976.01,54045.01,多,1700.05014066,1846.37805733,-3.45%,-67.84370435,1632.2064363,正常平仓
2024-09-19 00:00:00+08:00,2024-09-19 23:55:00+08:00,59429.19,63154.04,多,1632.2064363,1846.37805733,6.27%,111.30734749,1743.51378379,正常平仓
2024-10-01 00:00:00+08:00,2024-10-01 23:55:00+08:00,63561.42,62628.85,多,1743.51378379,1846.37805733,-1.47%,-31.29418343,1712.21960036,正常平仓
2024-10-14 00:00:00+08:00,2024-10-14 23:55:00+08:00,62229.32,65870.0,多,1712.21960036,1846.37805733,5.85%,103.61422495,1815.83382532,正常平仓
2024-10-26 00:00:00+08:00,2024-10-26 23:55:00+08:00,67690.01,66886.49,多,1815.83382532,1846.37805733,-1.19%,-26.1295568,1789.70426851,正常平仓
2024-11-08 00:00:00+08:00,2024-11-08 23:55:00+08:00,76059.68,76427.72,多,1789.70426851,1846.37805733,0.48%,4.67609628,1794.3803648,正常平仓
2024-11-20 00:00:00+08:00,2024-11-20 23:55:00+08:00,92391.99,94739.97,多,1794.3803648,1846.37805733,2.54%,42.60729152,1836.98765632,正常平仓
2024-12-02 00:00:00+08:00,2024-12-02 23:55:00+08:00,97028.02,97048.0,多,1836.98765632,1846.37805733,0.02%,-3.86518802,1833.1224683,正常平仓
2024-12-15 00:00:00+08:00,2024-12-15 23:55:00+08:00,101625.12,102704.01,多,1833.1224683,1846.37805733,1.06%,15.32762765,1848.45009595,正常平仓
2024-12-27 00:00:00+08:00,2024-12-27 23:55:00+08:00,96042.89,94573.75,多,1848.45009595,1848.45009595,-1.53%,-32.48240368,1815.96769226,正常平仓
2025-01-09 00:00:00+08:00,2025-01-09 23:55:00+08:00,95493.77,94244.02,多,1815.96769226,1848.45009595,-1.31%,-28.40443744,1787.56325483,正常平仓
2025-01-21 00:00:00+08:00,2025-01-21 23:55:00+08:00,104957.99,103943.0,多,1787.56325483,1848.45009595,-0.97%,-22.09811929,1765.46513554,正常平仓
2025-02-02 00:00:00+08:00,2025-02-02 23:55:00+08:00,102073.89,99346.87,多,1765.46513554,1848.45009595,-2.67%,-53.55900735,1711.90612819,正常平仓
2025-02-15 00:00:00+08:00,2025-02-15 23:55:00+08:00,96924.57,97633.22,多,1711.90612819,1848.45009595,0.73%,9.2448298,1721.15095799,正常平仓
2025-02-27 00:00:00+08:00,2025-02-27 23:55:00+08:00,87567.53,85500.84,多,1721.15095799,1848.45009595,-2.36%,-47.80964799,1673.34131,正常平仓
2025-03-12 00:00:00+08:00,2025-03-12 23:55:00+08:00,81232.23,81738.97,多,1673.34131,1848.45009595,0.62%,7.26406289,1680.60537289,正常平仓
2025-03-24 00:00:00+08:00,2025-03-24 23:55:00+08:00,85189.41,88350.01,多,1680.60537289,1848.45009595,3.71%,64.22669234,1744.83206523,正常平仓
2025-04-06 00:00:00+08:00,2025-04-06 23:55:00+08:00,82618.25,82548.36,多,1744.83206523,1848.45009595,-0.08%,-5.81091977,1739.02114546,正常平仓
2025-04-18 00:00:00+08:00,2025-04-18 23:55:00+08:00,84531.72,84374.59,多,1739.02114546,1848.45009595,-0.19%,-7.68038957,1731.34075589,正常平仓
2025-04-30 00:00:00+08:00,2025-04-30 23:55:00+08:00,94843.1,94004.63,多,1731.34075589,1848.45009595,-0.88%,-20.56650159,1710.7742543,正常平仓
2025-05-13 00:00:00+08:00,2025-05-13 23:55:00+08:00,102527.27,103682.55,多,1710.7742543,1848.45009595,1.13%,16.5475753,1727.3218296,正常平仓
2025-05-25 00:00:00+08:00,2025-05-25 23:55:00+08:00,108929.71,106967.97,多,1727.3218296,1848.45009595,-1.80%,-37.48884673,1689.83298286,正常平仓
2025-06-07 00:00:00+08:00,2025-06-07 23:55:00+08:00,105092.28,105558.11,多,1689.83298286,1848.45009595,0.44%,3.9315344,1693.76451726,正常平仓
2025-06-19 00:00:00+08:00,2025-06-19 23:55:00+08:00,104801.01,104096.93,多,1693.76451726,1848.45009595,-0.67%,-16.64933326,1677.115184,正常平仓
2025-07-01 00:00:00+08:00,2025-07-01 23:55:00+08:00,107580.47,105955.18,多,1677.115184,1848.45009595,-1.51%,-32.1334969,1644.98168709,正常平仓
2025-07-14 00:00:00+08:00,2025-07-14 23:55:00+08:00,118672.23,119878.23,多,1644.98168709,1848.45009595,1.02%,14.5070262,1659.48871329,正常平仓
2025-07-26 00:00:00+08:00,2025-07-26 23:55:00+08:00,115727.07,118130.1,多,1659.48871329,1848.45009595,2.08%,34.07526277,1693.56397606,正常平仓
2025-08-08 00:00:00+08:00,2025-08-08 23:55:00+08:00,116689.8,116207.69,多,1693.56397606,1848.45009595,-0.41%,-11.87510794,1681.68886812,正常平仓
2025-08-20 00:00:00+08:00,2025-08-20 23:55:00+08:00,113786.39,113353.94,多,1681.68886812,1848.45009595,-0.38%,-11.26417001,1670.42469811,正常平仓
2025-09-01 00:00:00+08:00,2025-09-01 23:55:00+08:00,108818.69,108784.33,多,1670.42469811,1848.45009595,-0.03%,-4.83236938,1665.59232873,正常平仓
2025-09-14 00:00:00+08:00,2025-09-14 23:55:00+08:00,115768.68,115224.01,多,1665.59232873,1848.45009595,-0.47%,-12.93316366,1652.65916507,正常平仓
